,dist_bin,commodty,use_rate_bin,sum_wt,Ur,Ut0,Ut1,pt0,pt1,rl_rate_ptm,tr_addi,lost_ton,lost_rev
0,50,"""02""",100.0,5019.383335447023,-0.28089584670507667,1.67836436,1.72887164,0.8764528675280423,0.8818187931061793,0.149047992521,0.005365925578136976,26.93363742614967,200.72022948280411
1,50,"""02""",8000.0,10862.74800000001,-22.47166773640613,-25.6268512,-21.586268800000003,0.040887520440897746,0.707939762778667,0.149047992521,0.6670522423377693,7246.020411350126,54000.23980389635
2,50,"""02""",25000.0,31280.0,-70.22396167626917,-84.38491,-71.75809000000001,7.079098855564804e-07,0.17739046550401535,0.149047992521,0.1773897575941298,5548.751617544381,41351.51447963208
3,50,"""02""",50000.0,133955.0,-140.44792335253834,-170.79382,-145.54018000000002,6.621319394892734e-14,0.006106619157777313,0.149047992521,0.006106619157711099,818.0121692711903,6096.153584380968
4,50,"""02""",100000.0,139650.0,-280.8958467050767,-343.61164,-293.10436000000004,5.792646735067754e-28,4.987786754708971e-06,0.149047992521,4.987786754708971e-06,0.6965444202951078,5.190927377334475
5,50,"""03""",100.0,1505.6908521303255,-0.025286321127093603,3.36407876,3.36859724,0.9673705095476236,0.967512833692986,0.149978179876,0.00014232414536241578,0.21429616370945614,1.6069874293776778
6,50,"""04""",100.0,259.5,-0.35801551186525793,2.20924156,2.2957144400000002,0.9287243399611173,0.934240512253154,0.11095751312999999,0.005516172292036714,1.4314467097835273,7.941488354785051
7,50,"""04""",1000.0,2148.2877123506782,-3.5801551186525797,-3.1165844,-2.2518556,0.6138609072643141,0.7905592161205071,0.11095751312999999,0.17669830885619298,379.5988057089044,2105.9669734289037
8,50,"""05""",100.0,272.5,-0.1900724448028704,5.68464516,5.70267084,0.997198284169244,0.9972481968221668,0.282593584304,4.9912652922756706e-05,0.013601197921451202,0.1921805635725505
9,50,"""06""",100.0,1337.4062194749695,-0.061864198221413605,2.19543756,2.20311844,0.9052785115087999,0.9059350947051613,0.215855541596,0.0006565831963614155,0.8781184504165123,9.477336685004827
10,50,"""06""",1000.0,1035.3466666666666,-0.6186419822141361,1.7223756,1.7991843999999997,0.9122176039297208,0.9181765926101985,0.215855541596,0.005958988680477617,6.169619067036899,66.5873232578129
11,50,"""07""",100.0,1159.4604097345482,-0.10703155414217759,3.05173146,3.06521454,0.9592526237859584,0.959776386160748,0.212744094896,0.0005237623747895714,0.6072817376770565,6.459780181448774
12,50,"""07""",1000.0,601.3544426477598,-1.070315541421776,2.2213146000000004,2.3561454,0.9641405565454536,0.9685213485572515,0.212744094896,0.004380792011797863,2.634408738610462,28.02274513408979
13,50,"""07""",2000.0,1695.897786246613,-2.140631082843552,1.2986292000000002,1.5682908000000002,0.9689092402362118,0.9760821540152453,0.212744094896,0.007172913779033507,12.164528598800752,129.39658132941864
14,50,"""11""",100.0,3754.450870002917,-0.090868979968884,2.9584965600000004,2.9759594400000005,0.9547551271617626,0.9555035224353549,0.13945515649,0.0007483952735922728,2.8098132860445793,19.592147575651396
15,50,"""11""",1000.0,1104.5562921649705,-0.90868979968884,1.8829656000000004,2.0575944,0.9422232283909935,0.951027506367037,0.13945515649,0.00880427797604355,9.724820636408376,67.80881918437558
16,50,"""11""",8000.0,6480.0,-7.26951839751072,-6.482275199999999,-5.085244799999999,0.6872390853328179,0.8988283586305742,0.13945515649,0.21158927329775634,1371.0984909694612,9560.337731067453
17,50,"""12""",100.0,1958.4195010546728,-0.049414879791544505,2.22983986,2.23994614,0.9071442900319996,0.9079920820046469,0.13103919329500002,0.0008477919726472827,1.660332332070048,10.878430469803261
18,50,"""12""",100000.0,275292.0,-49.41487979154451,-66.86113999999999,-56.754859999999994,2.6496313285038675e-08,0.0006486423567915994,0.13103919329500002,0.0006486158604783143,178.5587574627961,1169.9097766841185
19,50,"""13""",100.0,173.46601731601731,-0.41244189794688824,4.12015226,4.17887374,0.9893616459738017,0.9899622680100034,0.18823508646200002,0.0006006220362017034,0.10418751253214627,0.9805872714874632
20,50,"""14""",100.0,296.33101285968934,-0.24807798636577247,4.12015226,4.17887374,0.9874849612497996,0.9881902727326394,0.11322075047499999,0.0007053114828398099,0.20900566609149027,1.1831889184202893
21,50,"""15""",100.0,534.5505357973776,-0.0048237282471390005,0.96566306,0.96644294,0.7252165143795616,0.7253718996331168,0.16576385729,0.00015538525355518473,0.08306127054293537,0.688427829830261
22,50,"""15""",100000.0,1487872.0,-4.823728247139,-4.36594,-3.58606,0.6124893559130243,0.7751578781561349,0.16576385729,0.16266852224311057,242029.9395269014,2005990.817782231
23,50,"""16""",100.0,278.8054201163419,-0.1942929497904488,3.75894396,3.8042520399999997,0.9811689379169135,0.9819880725880296,0.114925440548,0.0008191346711160508,0.2283791861123721,1.3123289287979023
24,50,"""17""",100.0,1421.8107961996664,-0.15565625395536467,3.75894396,3.8042520399999997,0.9804416382215155,0.9812918065623234,0.0920716041378,0.0008501683408078664,1.2087785255477819,5.564708894725447
25,50,"""18""",100.0,3512.527017699757,-1.2969456239862116,1.6483668599999999,1.74811914,0.9500414751733582,0.9545689794306685,0.348444594177,0.0045275042573103,15.9029810265531,277.0653885000913
26,50,"""19""",100.0,6904.2163217014695,-0.39832199864620804,0.73687156,0.77108444,0.7567960779770679,0.7630377099647773,0.31201785888,0.0062416319877093285,43.09357744359673,672.2982882715257
27,50,"""19""",1000.0,8777.189652134448,-3.9832199864620805,-1.3702844,-1.0281556000000003,0.931689466273717,0.9505023004048982,0.31201785888,0.01881283413118129,165.12381306352617,2576.0789301091404
28,50,"""19""",2000.0,1892.7839183847968,-7.966439972924161,-3.7115688000000002,-3.0273112,0.9860037562332822,0.9928900786012843,0.31201785888,0.006886322368002129,13.034320234967943,203.34703458354778
29,50,"""19""",8000.0,5678.328,-31.865759891696644,-17.7592752,-15.022244800000001,0.9999992524655451,0.9999999515878558,0.31201785888,6.991223107100097e-07,0.0039698457923293485,0.06193313921031902
30,50,"""19""",50000.0,40500.0,-199.16099932310402,-116.09322,-98.98678,1.0,1.0,0.31201785888,0.0,0.0,0.0
31,50,"""20""",100.0,8903.877269377957,-0.41635883446717137,6.05406436,6.09117164,0.9984538241140977,0.9985100631201022,0.300706943859,5.623900600448817e-05,0.5007452072157726,7.5288780456948325
32,50,"""20""",1000.0,3012.857366087288,-4.163588344671714,3.7686436,4.139716399999999,0.9996411445384227,0.9997523644405378,0.300706943859,0.00011121990211515609,0.3350897013431552,5.038190000476262
33,50,"""22""",100.0,892.8325657894737,-1.3656321593404255,-0.2642919399999999,-0.047102059999999835,0.7505111380967623,0.788937049405256,0.168511267055,0.03842591130849371,34.307904986361194,289.0634269627139
34,50,"""22""",2000.0,6531.244392458124,-27.312643186808504,-28.503838799999997,-24.160041199999995,0.23304516950270293,0.9590111249916604,0.168511267055,0.7259659554889575,4741.461075902757,39949.480679616856
35,50,"""22""",8000.0,6111.0,-109.25057274723402,-117.6813552,-100.30616479999999,0.00021800327337516138,0.999869552329429,0.168511267055,0.9996515490560538,6108.870616281545,51470.6763912331
36,50,"""23""",100.0,1103.2313743203856,-0.6172247128833162,2.68774596,2.74565004,0.9645989409337518,0.966523915450375,0.285672828327,0.0019249745166232124,2.1236922815059467,30.33405902770116
37,50,"""24""",100.0,4651.1939458011375,-0.1953842641617532,0.97706226,1.00496374,0.7635869517347655,0.7685866857194681,0.18767098661200002,0.004999733984702548,23.25473244026469,218.21192902312788
38,50,"""24""",1000.0,1230.6389325396824,-1.953842641617532,-0.7413774,-0.46236259999999985,0.7707348544593624,0.8163003148110656,0.18767098661200002,0.04556546035170317,56.07462948789921,526.1790519948197
39,50,"""24""",2000.0,2025.3858865479672,-3.907685283235064,-2.6507547999999996,-2.0927251999999994,0.7784972550282305,0.8599602773212299,0.18767098661200002,0.0814630222929994,164.9940556277834,1548.2298602390663
40,50,"""24""",25000.0,16680.0,-48.8460660404383,-46.566435,-39.591065,0.9071759823068191,0.9999043769509444,0.18767098661200002,0.0927283946441253,1546.70962266401,14513.62604438145
41,50,"""25""",100.0,98.49,-0.12509367450768788,3.4949992599999997,3.51472674,0.9739182856296363,0.9744147348846907,0.169941141839,0.0004964492550543209,0.048895287130300065,0.41546604627344774
42,50,"""26""",100.0,3690.5186680828774,-0.9396742666796302,1.7866490600000002,1.8600569400000002,0.9385621698873249,0.942661297288406,0.343059496433,0.004099127401081093,15.127906196539822,259.4885940935306
43,50,"""26""",1000.0,2194.121065340909,-9.396742666796303,-2.7345094,-2.000430599999999,0.9987233435140006,0.9993868649828125,0.343059496433,0.0006635214688118785,1.4558464320260833,24.972097192732395
44,50,"""26""",2000.0,5032.857351958126,-18.793485333592606,-7.7580188,-6.289861199999999,0.999983880529248,0.9999962868420604,0.343059496433,1.240631281240745e-05,0.062439202648617124,1.0710180709156314
45,50,"""26""",8000.0,11220.938970426609,-75.17394133437043,-37.8990752,-32.02644479999999,1.0,1.0,0.343059496433,0.0,0.0,0.0
46,50,"""27""",100.0,5028.971442263354,-0.9566664231081287,3.3295669599999997,3.4259290399999998,0.9864300333567334,0.9876612549388742,0.266065864698,0.00123122158214084,6.19177817568459,82.37104071658626
47,50,"""27""",1000.0,4404.905612896777,-9.566664231081289,-2.6053304000000006,-1.6417096000000004,0.9990530660498843,0.9996385244566748,0.266065864698,0.0005854584067904733,2.5788890221889607,34.307716882444275
48,50,"""27""",25000.0,31850.0,-239.1666057770322,-160.86926,-136.77874,1.0,1.0,0.266065864698,0.0,0.0,0.0
50,50,"""31""",100.0,3340.3216117344164,-0.6313242968093478,2.89800196,2.98699404,0.9715107706427095,0.9738731703289932,0.190123561046,0.0023623996862837116,7.891174727648087,75.01491200283267
51,50,"""32""",100.0,2580.631214739303,-0.12035288722715799,2.07955206,2.09145394,0.9002409747852897,0.901304768783763,0.27100402438,0.001063793998473228,2.7452599985123465,37.198825378313934
52,50,"""32""",1000.0,1449.775,-1.2035288722715798,1.3465206,1.4655394,0.9275768381593934,0.9351765716957134,0.27100402438,0.007599733536320041,11.01790368761839,149.29481197879127
53,50,"""32""",2000.0,3901.1498669843672,-2.4070577445431596,0.5320412000000001,0.7700788000000001,0.9497457379639705,0.9599647613585706,0.27100402438,0.010219023394600013,39.86594175655398,540.1915325862407
54,50,"""33""",100.0,670.8981502110473,-0.44735296443923844,3.11602386,3.18616214,0.9724382282650713,0.9742570682365109,0.170934608704,0.001818839971439612,1.2202563723687498,10.42920227647074
55,50,"""34""",100.0,300.4041891891892,-0.444004304199992,5.236761260000001,5.285164740000001,0.9966006488583481,0.9967607503050273,0.245835947179,0.00016010144667921722,0.048095145277686456,0.591175779702583
57,50,"""36""",100.0,283.6362048515985,-0.3276386430586236,3.73471946,3.75302654,0.9830827269958079,0.9833845160860133,0.47963496275600004,0.00030178909020539546,0.08559831221147508,2.052797164476366
58,50,"""37""",100.0,1191.51,-9.477327952437442,-1.2650691111111112,-0.5650531111111116,0.9997287663989018,0.9998652931412665,0.362264182712,0.0001365267423646399,0.1626729787948921,2.9465296856229046
59,50,"""37""",1000.0,1684.72,-94.6383920243744,-44.37874111111111,-37.37858111111112,1.0,1.0,0.362264182712,0.0,0.0,0.0
60,50,"""41""",100.0,4186.486466956715,-0.18351846175480177,3.00391956,3.01883644,0.9603588014685684,0.9609228002141808,0.329713370023,0.0005639987456123041,2.361173115886474,38.925517262331844
61,50,"""41""",1000.0,3159.1417163555125,-1.8351846175480178,2.0851955999999996,2.2343644,0.9805521673587975,0.9832019051464933,0.329713370023,0.0026497377876958383,8.37089718251349,137.99983600812794
62,50,"""41""",2000.0,8414.109823922476,-3.6703692350960355,1.0643911999999998,1.3627288,0.9912919433354247,0.9935236322971142,0.329713370023,0.0022316889616894597,18.777676016490634,309.56254202985946
63,50,"""43""",100.0,1032.0800000000004,-1.1489039187769103,5.6868789600000005,5.791817040000001,0.9989265278964875,0.9990333635238818,0.293417080084,0.0001068356273943305,0.11026291432114066,1.6176511180830682
64,200,"""02""",100.0,2891.7804491108427,-0.5270625012373847,0.8721324799999999,1.119392,0.802056113162539,0.8384112901924241,0.06991702499699999,0.03635517702988511,105.13119015898536,1470.0920100620278
65,200,"""02""",1000.0,5574.512780740743,-5.270625012373847,-9.4946752,-7.022080000000002,0.014428017527623205,0.14786377553037827,0.06991702499699999,0.13343575800275506,743.839338394187,10401.406723251663
66,200,"""02""",2000.0,9354.033000000009,-10.541250024747693,-21.0133504,-16.068160000000002,2.8314721608960225e-05,0.003962499183101711,0.06991702499699999,0.003934184461492751,36.80049128089046,514.5961737575798
67,200,"""02""",8000.0,26726.0,-42.165000098990774,-90.1254016,-70.34464000000001,1.4827306949119954e-21,5.777472526587524e-13,0.06991702499699999,5.777472511760217e-13,1.5440873034930357e-08,2.1591598119174576e-07
68,200,"""02""",25000.0,72536.21100000002,-131.7656253093462,-285.94288000000006,-224.12800000000001,1.1007002189292497e-67,7.718454287028172e-41,0.06991702499699999,7.718454287028172e-41,5.598674287577302e-36,7.828853002292066e-35
69,200,"""03""",100.0,1589.2902857918552,-0.049384508212465685,3.29195168,3.314072,0.965819979679748,0.9665427332901323,0.0732273253447,0.0007227536103843191,1.1486652920047897,16.822737409959913
70,200,"""03""",1000.0,2905.0005,-0.49384508212465683,2.3645167999999996,2.58572,0.9457493130489604,0.9560419104674903,0.0732273253447,0.010292597418529947,29.90000064712821,437.8994150387996
71,200,"""03""",25000.0,41515.94250000028,-12.346127053116422,-22.36708,-16.837000000000003,4.4456587602274715e-05,0.011086563226324935,0.0732273253447,0.011042106638722661,458.42346429208135,6713.824833072141
72,200,"""04""",100.0,193.36638959176787,-0.7410855914770619,0.8289020800000002,1.2522320000000002,0.8277818507306038,0.8800936806713439,0.057420008017499996,0.05231182994074002,10.11534968857944,116.1646920436095
73,200,"""04""",1000.0,760.0,-7.410855914770619,-16.9199792,-12.68668,7.41665398793296e-05,0.0050877235137337965,0.057420008017499996,0.005013556973854467,3.8103033001293953,43.757529208507314
74,200,"""04""",2000.0,2850.0,-14.821711829541238,-36.640958399999995,-28.17436,3.342116734670757e-10,1.58861219044714e-06,0.057420008017499996,1.588277978773673e-06,0.004526592239504968,0.05198339253686571
75,200,"""05""",100.0,495.47178571428566,-0.23206804992420288,5.3969068799999995,5.485151999999999,0.9964206023572395,0.9967219399985272,0.0862578240872,0.00030133764128770224,0.14930429923174868,2.5757327957189693
76,200,"""06""",100.0,2255.0549443902837,-0.10267703739694249,2.0728300799999997,2.110432,0.898028378654437,0.9014205456961649,0.0895647569757,0.003392167041727956,7.649523059646389,137.02553476344838
77,200,"""06""",1000.0,559.6696969696969,-1.0267703739694247,0.49630079999999976,0.8723199999999998,0.8209902814476066,0.8697885392830378,0.0895647569757,0.048798257835431236,27.310906175404938,489.21893487725754
78,200,"""06""",8000.0,6984.0,-8.214162991755398,-11.7655936,-8.75744,0.027883769135960648,0.367425596448595,0.0895647569757,0.3395418273126344,2371.3601219514385,42478.05860488938
79,200,"""07""",100.0,1397.2692531278649,-0.19336478686181746,2.83650528,2.902512,0.9539054601612367,0.9567223457917194,0.0960866561627,0.0028168856304827683,3.9359476810512724,75.63841030071
80,200,"""07""",8000.0,7790.0,-15.469182948945399,-21.455577599999998,-16.175039999999996,0.0025064090529256645,0.33051492587403936,0.0960866561627,0.3280085168211137,2555.1863460364757,49103.86237264652
81,200,"""11""",100.0,2493.1187609008757,-0.18217753987297533,2.6797420800000005,2.765232,0.9459315626416508,0.9501409131639411,0.0698962323024,0.004209350522290323,10.494410758329904,146.70395444820653
82,200,"""11""",1000.0,1415.1685874968928,-1.8217753987297534,-0.9045791999999993,-0.0496799999999995,0.7144704675798701,0.8547180608503444,0.0698962323024,0.1402475932704743,198.47398846841585,2774.516800794451
83,200,"""12""",100.0,1402.2324552032476,-0.07898455794626928,2.06851648,2.117992,0.8954350273247873,0.8999776760403091,0.0523631383892,0.004542648715521791,6.369849461492,66.70906177409533
84,200,"""13""",8000.0,9400.0,-68.16443817541213,-102.6140256,-79.61623999999999,1.0932872356488783e-15,1.0630190393250334e-05,0.097217776139,1.0630190392157047e-05,0.09992378968627624,1.9428737233361841
85,200,"""13""",25000.0,35800.0,-213.01386929816292,-330.27808000000005,-258.41,1.1824978708813996e-51,1.9262423920818756e-20,0.097217776139,1.9262423920818756e-20,6.895947763653115e-16,1.3408174119061325e-14
86,200,"""14""",100.0,102.35,-0.4658609299190947,3.1827996800000005,3.4702720000000005,0.974634204916047,0.9808503024623405,0.053153773209699995,0.006216097546293486,0.6362175838631383,6.763473032936908
87,200,"""15""",100.0,648.2247270690473,-0.0060883699339499995,0.95321408,0.957032,0.72298212224554,0.7237461200020988,0.052305583625,0.0007639977565587763,0.4952422372266772,5.180786850778411
88,200,"""16""",100.0,972.4141392046837,-0.5606413062662914,3.03570528,3.2575119999999997,0.9733082572598465,0.9785039012005454,0.08290567051139999,0.005195643940698935,5.052317630208786,83.77315615380537
89,200,"""17""",100.0,744.8384431372549,-0.6236128585717877,3.03570528,3.2575119999999997,0.9748963557466,0.9797892896465481,0.0922176828599,0.004892933899948049,3.6444452684108017,67.21645959251408
90,200,"""18""",100.0,3207.604408083679,-1.4246876692154369,0.05605247999999996,0.544392,0.8146843498444304,0.8775122262290854,0.09569111987960001,0.06282787638465503,201.52697324195597,3856.8683510937904
91,200,"""19""",100.0,6116.640075124908,-0.5272690910675656,0.19074207999999993,0.3582319999999999,0.6721689131272142,0.7079608839355707,0.103256519479,0.0357919708083565,218.92660301409424,4521.119809719225
92,200,"""19""",1000.0,4795.615777179437,-5.2726909106756565,-6.8315792,-5.156680000000001,0.17380622814388458,0.5289702435436676,0.103256519479,0.35516401539978304,1703.2301557376,35173.92355062794
93,200,"""19""",2000.0,6718.661693341381,-10.545381821351313,-14.6341584,-11.284360000000001,0.016483466851521526,0.32322762835663726,0.103256519479,0.30674416150511574,2060.9102475605428,42560.48382434118
94,200,"""19""",8000.0,16245.0,-42.18152728540525,-61.449633600000006,-48.05044000000001,4.285166972634872e-09,0.0028179808154383417,0.103256519479,0.002817976530271369,45.77802873425839,945.3759831418347
95,200,"""19""",25000.0,35150.0,-131.8172727668914,-194.09348,-152.221,8.990562092519334e-28,1.376492507539258e-09,0.103256519479,1.376492507539258e-09,4.8383711640004914e-05,0.0009991867326844973
96,200,"""19""",50000.0,69660.0,-263.6345455337828,-389.15796,-305.413,3.0610734296547992e-55,7.175427205214453e-19,0.103256519479,7.175427205214453e-19,4.998402591152388e-14,1.0322353090344212e-12
97,200,"""19""",100000.0,138150.0,-527.2690910675656,-779.28692,-611.797,3.548522419237209e-110,1.949824772624132e-37,0.103256519479,1.949824772624132e-37,2.693682923380238e-32,5.5628064649652245e-31
98,200,"""20""",100.0,5453.5258764008895,-0.6743587297945848,5.46173248,5.6433919999999995,0.9978413067912953,0.998199251921353,0.121760567997,0.000357945130057602,1.9520630291008143,47.536860637851895
99,200,"""20""",1000.0,1150.0,-6.743587297945848,-2.1546752,-0.3380799999999997,0.9899383559424857,0.9983502942922494,0.121760567997,0.008411938349763726,9.673729102228284,235.57575002728495
100,200,"""20""",8000.0,7600.0,-53.948698383566786,-61.3934016,-46.86064,0.0005841880782323961,0.9991656795962376,0.121760567997,0.9985814915180052,7589.21933553684,184813.5313897561
101,200,"""20""",25000.0,16826.0,-168.5896824486462,-205.25888,-159.844,1.187872552981886e-16,0.9998408783546167,0.121760567997,0.9998408783546165,16823.32261919478,409683.4635419868
102,200,"""21""",100.0,77.43458333333331,-16.0399239415328,-6.189431111111112,-3.775351111111112,0.9999472815753802,0.9999952841319095,0.21740331442299998,4.800255652936958e-05,0.0037170579637865113,0.161620144245919
103,200,"""22""",100.0,1100.6693401534726,-2.908690834700331,-3.7312259199999995,-2.6679679999999997,0.3052257967811291,0.5598917728200741,0.0897289901007,0.254665976038945,280.30303180632563,5030.261593229197
104,200,"""22""",1000.0,1926.4010000000005,-29.08690834700331,-48.31025919999999,-37.677679999999995,4.481308050948402e-09,0.00018577812950574532,0.0897289901007,0.00018577364819769436,0.3578745416616867,6.422344241210808
105,200,"""22""",2000.0,3593.6459999999984,-58.17381669400662,-97.84251839999999,-76.57736,5.917002391680844e-18,1.0172851159606087e-08,0.0897289901007,1.0172851153689086e-08,3.6557625857050154e-05,0.0006560557697264695
106,200,"""23""",100.0,1267.4572070388765,-1.0434084185548296,1.7634412799999999,2.046912,0.9430448485005593,0.956491701318106,0.12073132677899999,0.013446852817546762,17.043310515590665,411.5322982507487
107,200,"""24""",100.0,3651.4188950355187,-0.4444570858262,0.53167968,0.668272,0.7263409940528847,0.7526375472357185,0.1067277605,0.02629655318283386,96.01973116610597,2049.594174234109
108,200,"""24""",1000.0,3661.1273022528962,-4.444570858262,-5.195203199999999,-3.82928,0.3206835323396093,0.6491467716113732,0.1067277605,0.32846323927176396,1202.5457330842808,25669.002598183208
109,200,"""24""",2000.0,2600.0,-8.889141716524,-11.558406399999999,-8.82656,0.06481152260929561,0.5156403248906117,0.1067277605,0.4508288022813161,1172.1548859314219,25020.293186918723
110,200,"""24""",50000.0,73400.0,-222.22854291309997,-316.99215999999996,-248.69599999999997,6.993329868486446e-42,3.20132257474077e-12,0.1067277605,3.20132257474077e-12,2.3497707698597251e-07,5.015715439109787e-06
111,200,"""25""",100.0,532.9502873563221,-0.22006625559107484,3.18009568,3.276672,0.9677095958050888,0.9705948201381452,0.07474061119110001,0.002885224333056491,1.5376811373899095,22.985445605109533
112,200,"""25""",1000.0,857.6434366593553,-2.200662555910749,-0.8690432000000001,0.09672000000000036,0.7911083690872409,0.9086600312785202,0.07474061119110001,0.11755166219127933,100.8174115467484,1507.0309915417279
113,200,"""26""",100.0,4782.955676974741,-1.1690184065389648,0.6148620800000002,0.9742320000000002,0.8561753663132656,0.8950363663755211,0.10669730993200001,0.03886100006225546,185.87044086068053,3966.3752071419017
114,200,"""26""",1000.0,2085.417652590465,-11.690184065389648,-14.452379200000001,-10.85868,0.05940159842574848,0.6966728625861717,0.10669730993200001,0.6372712641604232,1328.9767437687879,28359.648704463707
115,200,"""26""",2000.0,2861.045238095239,-23.380368130779296,-31.1937584,-24.006359999999997,0.0004041217061169076,0.3484199238896959,0.10669730993200001,0.34801580218357897,995.6889536192232,21247.466576035808
116,200,"""26""",8000.0,5383.563747006561,-93.52147252311718,-131.64203360000002,-102.89244,2.78259933660125e-17,8.515370552264575e-05,0.10669730993200001,8.515370552261792e-05,0.45843040197483825,9.782658136352133
117,200,"""27""",100.0,7528.470268779107,-1.7427661356452733,1.7913692799999996,2.2631119999999996,0.9716435751848708,0.9821173201864273,0.12117352706399999,0.010473745001556511,78.85127784699198,1910.937490044693
118,200,"""27""",1000.0,2289.834687967877,-17.427661356452738,-17.9873072,-13.26988,0.3636294086472534,0.9845986868209335,0.12117352706399999,0.6209692781736802,1421.9169933244668,34459.73945467276
119,200,"""31""",100.0,466.44583333333327,-1.0745886340682174,1.47744928,1.9131120000000001,0.9277103042783724,0.9520153793989151,0.0809031977706,0.024305075120542696,11.337001018830804,183.43992711039246
120,200,"""31""",8000.0,5800.0,-85.9670907254574,-158.8570576,-124.00404,2.2094775862346914e-32,3.0252608112346705e-17,0.0809031977706,3.025260811234668e-17,1.7546512705161075e-13,2.8391379751399838e-12
121,200,"""32""",100.0,3347.865743284397,-0.16102220566243788,1.88956608,1.947832,0.8860070482179143,0.8917607868082643,0.0906452407467,0.005753738590349999,19.26274432244622,349.2152193100532
122,200,"""32""",1000.0,1236.3307464631841,-1.6102220566243788,-0.5533391999999999,0.029320000000000235,0.7420944046553212,0.8374726153560049,0.0906452407467,0.09537821070068375,117.9190144318992,2137.759490358619
123,200,"""33""",100.0,200.0,-1.7894118577569538,1.99642848,2.339792,0.9778136166497476,0.9841592791236078,0.170934608704,0.0063456624738601475,1.2691324947720295,43.38773327747764
124,200,"""33""",1000.0,3370.0,-17.89411857756954,-12.399715200000001,-8.96608,0.9959071128915415,0.9998673996958753,0.170934608704,0.003960286804333801,13.346166530604911,456.26435072147433
125,200,"""37""",100.0,162.50000000000003,-27.01620299366352,-12.459188444444447,-9.032244444444446,0.9999995236033472,0.9999999845237395,0.25800395284899996,4.6092039229783666e-07,7.489956374839847e-05,0.0038648767027504934
126,200,"""41""",100.0,7444.856938729908,-0.18819410817981924,2.76580608,2.838832,0.9504522083368985,0.9537802502246006,0.0845284352227,0.0033280418877020823,24.776795740042626,418.8687547476524
127,200,"""41""",1000.0,2539.165479859904,-1.8819410817981925,-0.29593919999999985,0.43432000000000004,0.8300528520735565,0.9102148504415786,0.0845284352227,0.08016199836802207,203.5445790526676,3441.0609530770303
128,200,"""41""",2000.0,8600.0,-3.763882163596385,-3.6978783999999996,-2.23736,0.5164949529830191,0.8214968952674598,0.0845284352227,0.3050019422844408,2623.0167036461908,44343.89950444342
129,200,"""41""",8000.0,7100.0,-15.05552865438554,-24.1095136,-18.26744,0.00011691050119369812,0.03871993008729255,0.0845284352227,0.03860301958609885,274.08143906130186,4633.53503348753
130,200,"""43""",100.0,81.5,-2.185096846788648,4.01178528,4.525512,0.9979683679134729,0.9987835591598186,0.139512261645,0.00081519124634577,0.06643808657718026,1.8537855435497468
131,400,"""02""",100.0,3232.8368645980268,-0.9645070331842476,-0.5119177600000002,0.04856227999999985,0.6112546801945008,0.7336203890009657,0.0639729274902,0.12236570880646491,395.5883743922072,10122.778556383506
132,400,"""02""",1000.0,8736.603000000008,-9.645070331842476,-23.3351776,-17.730377200000003,1.1336042473889672e-06,0.00030793715046949265,0.0639729274902,0.0003068035462221037,2.6804207823346724,68.58974574060846
133,400,"""02""",2000.0,22027.238999999918,-19.29014066368495,-48.694355200000004,-37.48475440000001,1.6978991158485908e-13,1.253659651519436e-08,0.0639729274902,1.2536426725282775e-08,0.00027614286768379,0.007066267060508396
134,400,"""02""",8000.0,97482.18599999943,-77.1605626547398,-200.84942080000002,-156.01101760000003,1.9169528660635087e-54,5.697476226625044e-35,0.0639729274902,5.697476226625044e-35,5.554024372544375e-30,1.4212287938543397e-28
135,400,"""02""",25000.0,112578.2990000026,-241.1267582960619,-631.9554400000001,-491.83543000000003,1.841875056250442e-170,1.314036151725764e-109,0.0639729274902,1.314036151725764e-109,1.4793195478579583e-104,3.785456086798105e-103
136,400,"""03""",100.0,198.0,-0.08215004947144416,3.16813184,3.21827348,0.96268324063581,0.9644433374208813,0.0609060271882,0.0017600967850712745,0.34849916344411236,8.490279809516824
137,400,"""03""",2000.0,2772.4849999999988,-1.6430009894288833,-1.1423632000000006,-0.1395304000000004,0.6226092023747364,0.8180915318909617,0.0609060271882,0.19548232951622535,541.9718263487918,13203.740316335168
138,400,"""03""",8000.0,10865.90099999999,-6.572003957715533,-14.754452800000003,-10.743121600000002,0.0002794385015431975,0.015200381784056857,0.0609060271882,0.014920943282513659,162.1294925344083,3949.8653121238967
139,400,"""04""",1000.0,855.0,-14.727726089703225,-40.6161296,-31.0202212,5.712276356608187e-12,8.399612296953149e-08,0.0570559028455,8.399041069317488e-08,7.181180114266453e-05,0.0016389148596624933
140,400,"""05""",100.0,207.07,-0.3523119114239612,4.9029494399999995,5.10298068,0.9948071248501087,0.9957445599874174,0.0654757492239,0.0009374351373087064,0.19411469388251384,5.083922006930237
141,400,"""05""",1000.0,1609.0993333333333,-3.523119114239611,-3.242505600000001,-1.2421932000000009,0.5696966287066295,0.9072849632021007,0.0654757492239,0.3375883344954712,543.2131639777731,14226.915559891975
142,400,"""06""",100.0,1262.977702586207,-0.14907999720740098,1.8623510399999998,1.9475858799999997,0.8819920489512945,0.8905786971211725,0.0650209338832,0.008586648169878086,10.844745178508685,282.05418369278607
143,400,"""07""",100.0,1164.6733817307693,-0.2813278195707127,2.46702864,2.61665058,0.9398204616959873,0.9477464114717684,0.06989858367389999,0.007925949775781094,9.2311427287872,258.0975209735382
144,400,"""11""",100.0,209.28,-0.4066836463378454,2.2012070400000003,2.39499288,0.9313676875204432,0.9427663532156859,0.0780163532723,0.011398665695242727,2.3855127567003978,74.44360238492659
145,400,"""11""",1000.0,630.9583686364455,-4.066836463378453,-5.689929599999998,-3.7520711999999987,0.1647787304851144,0.578047979673215,0.0780163532723,0.4132692491881006,260.7556912753326,8137.283251319657
146,400,"""12""",100.0,299.6393333333333,-0.11306347835086654,1.79157424,1.90372378,0.8704155239687773,0.882548395924738,0.0374779495992,0.012132871955960689,3.6354856643027564,54.500219398141134
147,400,"""12""",25000.0,25519.979000000087,-28.265869587716637,-124.55743999999999,-96.52005499999999,1.517407813939296e-42,2.2781583550084498e-30,0.0374779495992,2.2781583550069325e-30,5.813855337845166e-26,8.715655093152042e-25
148,400,"""14""",100.0,107.975,-0.5732831143473892,1.5736558400000003,2.22528898,0.8953823870982904,0.9425986139802686,0.0327052116715,0.04721622688197813,5.098172097581588,66.69471903565639
149,400,"""15""",100.0,108.55,-0.009830152496163121,0.93184304,0.9404973799999999,0.7194375105693307,0.7211810426829987,0.0422257409629,0.001743532113667956,0.18926041093865661,3.1966644347310877
150,400,"""17""",100.0,1658.7813232926526,-1.049884993450916,1.7941286399999998,2.29691308,0.945008413688428,0.9659998280236194,0.07762665573250001,0.02099141433519136,34.820166048713084,1081.1892169647742
151,400,"""18""",100.0,1540.5732375655716,-2.2564069835603466,-2.67745776,-1.5705052199999998,0.39626533592358815,0.6650546344112114,0.07577734959969999,0.26878929848762323,414.08959979405654,12551.444947677632
152,400,"""18""",1000.0,726.2541666666666,-22.564069835603465,-47.75357759999999,-36.684052199999996,1.1490416631045266e-11,7.375122771344126e-07,0.07577734959969999,7.375007867177816e-07,0.0005356130192737334,0.01623493400466262
153,400,"""19""",100.0,4760.631367283937,-0.8889393188818667,-0.7467929600000002,-0.36713212000000006,0.5354768739045881,0.6275702526600371,0.08704168483489999,0.09209337875544898,438.42262762235055,15264.417671197341
154,400,"""19""",1000.0,8331.538994117418,-8.889393188818666,-16.206929600000002,-12.4103212,0.0006633551855049003,0.02872259530874905,0.08704168483489999,0.02805924012324415,233.77665323211266,8139.325508954901
155,400,"""19""",2000.0,7039.175797417471,-17.77878637763733,-33.38485920000001,-25.7916424,1.6686629244987448e-07,0.0003310678743822758,0.08704168483489999,0.0003309010080898259,2.329270367486945,81.09744688882815
156,400,"""19""",8000.0,44270.0,-71.11514551054933,-136.45243680000002,-106.0795696,4.2109000244537164e-29,6.533464791109058e-16,0.08704168483489999,6.533464791108637e-16,2.8923648630237938e-11,1.007025243339423e-09
157,400,"""20""",100.0,5323.074290160548,-0.9171263681443168,4.44488224,4.85666228,0.9953304338391312,0.9969016692759443,0.0827970504247,0.0015712354368130343,8.363802957488641,276.99928608537675
158,400,"""20""",1000.0,4506.606788872398,-9.171263681443168,-12.323177600000001,-8.205377200000001,0.0410159306807305,0.7242988274758964,0.0827970504247,0.6832828967951659,3079.287341417493,101982.3637117938
159,400,"""20""",2000.0,1840.0,-18.342527362886337,-30.954355200000002,-22.7187544,3.33235542401971e-06,0.012416595398844823,0.0827970504247,0.012413263043420802,22.840403999894278,756.4472326799064
160,400,"""20""",8000.0,18430.0,-73.37010945154535,-142.74142080000001,-109.79901760000001,7.454564537422513e-31,1.510519059013308e-16,0.0827970504247,1.5105190590133005e-16,2.783886625761513e-12,9.219904053192956e-11
161,400,"""20""",50000.0,52345.0,-458.56318407215844,-925.25088,-719.36086,2.089820025252906e-203,5.4576848161149254e-114,0.0827970504247,5.4576848161149254e-114,2.856825116995358e-109,9.461467730656564e-108
162,400,"""21""",100.0,77.22039835164836,-14.067761332024322,-19.719742222222223,-14.247582222222222,0.003498274967418268,0.4551655246861258,0.0950385960056,0.45166724971870753,34.87792494567203,1325.8996073701448
163,400,"""22""",100.0,4181.808182200928,-4.161322713579572,-9.68287696,-7.27271762,0.003983693416620744,0.04263966566994061,0.0641854541772,0.03865597225331987,161.65186105986507,4150.279248286828
164,400,"""22""",1000.0,1659.7500000000007,-41.61322713579572,-107.82676959999999,-83.72517619999999,1.7531693947608785e-29,5.140589197094958e-19,0.0641854541772,5.14058919691964e-19,8.532092919587376e-16,2.1905450365031522e-14
165,400,"""22""",2000.0,8172.9579999999905,-83.22645427159144,-216.87553919999996,-168.67235239999997,9.056072781366305e-59,7.786063504252649e-38,0.0641854541772,7.786063504252649e-38,6.363517000558964e-34,1.633780915380842e-32
166,400,"""22""",8000.0,8238.29999999999,-332.90581708636574,-871.1681567999999,-678.3554095999999,1.7204261933668608e-234,9.400440298704753e-151,0.0641854541772,9.400440298704753e-151,7.744364731281927e-147,1.9883022703648794e-145
167,400,"""22""",25000.0,25695.65000000012,-1040.3306783948929,-2724.9972399999997,-2122.4574049999997,0.0,0.0,0.0641854541772,0.0,0.0,0.0
168,400,"""23""",100.0,869.0919146825398,-1.5977730163689217,0.17669663999999985,0.8192590799999997,0.8550126362962364,0.9181168994111707,0.092438038992,0.06310426311493433,54.84340485518906,2027.8467185832033
169,400,"""24""",100.0,7022.708497743007,-0.5813583986950874,-0.23290415999999992,0.0767189800000001,0.586242685707719,0.6588283660935011,0.0698009795763,0.07258568038578217,509.7480744596903,14232.365973767639
170,400,"""24""",1000.0,2147.17339118083,-5.813583986950874,-12.841041599999999,-9.7448102,0.0008863980833886873,0.019242078112024896,0.0698009795763,0.018355680028636207,39.412827734517045,1100.421593496502
171,400,"""25""",100.0,722.520238095238,-0.3657909094215284,2.6395038399999997,2.85841998,0.9528127535446876,0.9617352791234959,0.0621163750546,0.008922525578808238,6.446705305611379,160.17838585193448
172,400,"""26""",100.0,2036.2046306818186,-1.4787355037861514,-1.3967329599999996,-0.5821246199999996,0.5204891557638374,0.7102525405878267,0.0674827271634,0.18976338482398936,386.3970829124631,10430.051569166157
173,400,"""26""",1000.0,820.4104166666666,-14.787355037861513,-34.5683296,-26.422246199999996,2.5658537576882804e-09,8.851708967744358e-06,0.0674827271634,8.84914311398667e-06,0.007259929189288767,0.19596792828255102
174,400,"""26""",2000.0,4752.973385225885,-29.574710075723026,-71.4256592,-55.133492399999994,6.673654711393778e-19,7.942585020804153e-12,0.0674827271634,7.942584353438681e-12,3.77508920418056e-08,1.0190132591328542e-06
175,400,"""27""",100.0,3896.9777220941746,-2.5050620381378406,-0.8492393600000003,0.2200920799999997,0.8396764499915386,0.9384947149730635,0.0870877613659,0.0988182649815249,385.09257716900146,13414.740185709372
176,400,"""27""",1000.0,2416.0875635122484,-25.05062038137841,-44.39339360000001,-33.700079200000005,3.976860203439837e-09,0.0001751909519491798,0.0870877613659,0.00017518697508897636,0.42326707180180584,14.744552697247574
177,400,"""27""",2000.0,2700.0,-50.10124076275682,-92.77578720000001,-71.3891584,2.92873423986405e-19,5.685580837275635e-10,0.0870877613659,5.6855808343469e-10,1.535106825273663e-06,5.347560674823885e-05
178,400,"""31""",100.0,1495.9939666792193,-1.8252988346100016,-0.9611993599999997,0.026347079999999856,0.7035164398913178,0.8643202364238232,0.068711183017,0.16080379653250532,240.56150943174072,6611.706360564042
179,400,"""31""",8000.0,13800.0,-146.02390676880012,-353.94894880000004,-274.9452336,5.00381905189415e-91,1.0237152138542403e-56,0.068711183017,1.0237152138542403e-56,1.4127269951188515e-52,3.8828057245867147e-51
180,400,"""31""",25000.0,34463.025000000205,-456.3247086525004,-1113.54284,-866.65623,3.747935851359992e-286,6.241436089399305e-179,0.068711183017,6.241436089399305e-179,2.150987679848718e-174,5.911876325495898e-173
181,400,"""31""",100000.0,89001.0,-1825.2988346100017,-4464.692360000001,-3477.14592,0.0,0.0,0.068711183017,0.0,0.0,0.0
182,400,"""32""",100.0,1740.8025871881985,-0.2681052548548065,1.56341904,1.69549438,0.8619432136028075,0.8769219877750861,0.07546308682019999,0.014978774172278664,26.075088832010465,787.0826769497731
183,400,"""33""",100.0,664.7799537125456,-2.9578382382963597,0.07443023999999987,0.8527557799999999,0.9540108031796541,0.9783443225525713,0.141274609219,0.024333519372917167,16.176435882391207,914.127863136411
184,400,"""33""",1000.0,700.0,-29.578382382963596,-31.6196976,-23.8364422,0.11493287604352144,0.9968017247014505,0.141274609219,0.881868848657929,617.3081940605504,34883.98955343635
185,400,"""33""",2000.0,2000.0,-59.15676476592719,-66.8353952,-51.268884400000005,0.00046239413008477756,0.9996248766150914,0.141274609219,0.9991624824850066,1998.3249649700133,112925.0314074842
186,400,"""37""",100.0,336.0,-34.14452303090848,-31.66836088888889,-23.900272888888892,0.9224537096137734,0.9999644398775117,0.162828402713,0.07751073026373834,26.04360536861608,1696.2554652237873
187,400,"""41""",100.0,3129.6123964736767,-0.27771996660967146,2.35703904,2.52257188,0.9330653834514127,0.9426915929043781,0.0623697373809,0.00962620945296544,30.12630443505273,751.5878783485127
188,400,"""41""",1000.0,1418.3433047040521,-2.777199666096715,-4.3836096,-2.7282811999999996,0.16708764382200442,0.5122271783016483,0.0623697373809,0.3451395344796439,489.52634791787625,12212.65190426761
189,400,"""41""",2000.0,2444.221583268597,-5.55439933219343,-11.8732192,-8.5625624,0.001798827320575942,0.04705845247775009,0.0623697373809,0.045259625157174146,110.62455265981141,2759.849718908792
191,600,"""02""",100.0,7296.4893994386,-1.1402540285996934,-1.7312539600000005,-0.9106991200000003,0.3564054565150586,0.5571380376576469,0.0504198074127,0.2007325811425883,1464.6431504288441,44308.21534377151
192,600,"""02""",1000.0,11566.815000000011,-11.402540285996933,-35.5285396,-27.322991200000004,3.328216945876461e-11,1.218529269963429e-07,0.0504198074127,1.2181964482688415e-07,0.0014090652950782773,0.04262688048585962
193,600,"""02""",2000.0,43312.64599999957,-22.805080571993866,-73.0810792,-56.66998240000001,1.4635623328359628e-22,1.9618238316133835e-15,0.0504198074127,1.9618236852571502e-15,8.497177479395753e-11,2.570556312375993e-09
194,600,"""02""",8000.0,105577.6500000018,-91.22032228797546,-298.3963168,-232.75192960000004,1.0583000109237992e-90,3.4166770420397934e-62,0.0504198074127,3.4166770420397934e-62,3.6072473290751877e-57,1.0912602937316847e-55
195,600,"""02""",25000.0,107273.88100000248,-285.0635071499233,-936.7894900000001,-731.65078,9.099173272610476e-284,1.1210157464367062e-194,0.0504198074127,1.1210157464367062e-194,1.2025570978238018e-189,3.6379618365030917e-188
196,600,"""02""",50000.0,44000.0,-570.1270142998466,-1875.6029800000003,-1465.3255600000002,0.0,0.0,0.0504198074127,0.0,0.0,0.0
197,600,"""03""",100.0,1403.0023452787257,-0.10317970313672832,3.05904764,3.13245608,0.9593878188778973,0.9621535104552545,0.0509982716176,0.0027656915773572877,3.8802717693498927,118.7322921860467
198,600,"""04""",100.0,1852.39,-2.0067111960956483,-3.62832316,-2.22346152,0.16498268062716018,0.44602357460920045,0.0518272897192,0.28104089398204024,520.5973416033916,16188.689550194582
199,600,"""05""",100.0,478.22,-0.4868887770210528,4.46777724,4.76062728,0.9929989260028173,0.9947669596330495,0.060324211644,0.0017680336302322575,0.8455090426496702,30.602799861428718
200,600,"""06""",100.0,1495.5328333333332,-0.18540012740970313,1.6769208399999997,1.8017064799999998,0.8655672463999414,0.8794366941409485,0.0539079226011,0.013869447741007068,20.7422144768769,670.9018155569375
201,600,"""07""",100.0,1409.9514704730234,-0.31231613753965404,2.14152294,2.36057268,0.9208417422382336,0.9354077935996115,0.05173195149069999,0.014566051361377896,20.53742553596035,637.4646609420984
202,600,"""07""",1000.0,1930.0,-3.1231613753965397,-6.8807706,-4.690273199999999,0.022807165927159086,0.17262851383910652,0.05173195149069999,0.14982134791194743,289.15520147005856,8975.137713439592
203,600,"""11""",100.0,1585.2938765705842,-0.4335124926387167,1.7796218400000003,2.0633284800000005,0.9014227934476187,0.9239200634783531,0.055442051953999996,0.02249727003073443,35.664784419278206,1186.397298421099
204,600,"""11""",8000.0,8294.863500000005,-34.68099941109733,-100.79225279999999,-78.09572159999999,1.9419921117198757e-29,1.3970942974824072e-19,0.055442051953999996,1.397094297288208e-19,1.1588706492634113e-15,3.855010004665665e-14
205,600,"""12""",100.0,200.7608695652174,-0.13642358514075395,1.5475905399999998,1.71177988,0.8434353361006856,0.8639160312035198,0.0301475261073,0.020480695102834234,4.11172215814509,74.3749506651858
206,600,"""13""",100.0,200.407,-1.4359392436242389,0.1560141399999999,1.1100190800000003,0.8308907529915985,0.9273015215594332,0.054612570688399996,0.0964107685678347,19.32139289637405,633.1145612109465
207,600,"""15""",100000.0,1158608.0,-10.989054895165921,-57.01366000000001,-44.343520000000005,1.0274672105923806e-20,3.2684350424959354e-15,0.0314692293676,3.2684247678238297e-15,3.786823083398832e-09,7.150104251160007e-08
208,600,"""17""",100.0,1897.0102,-1.4817234475192893,0.7003104399999995,1.4363976799999998,0.8986245064886671,0.9487349935474961,0.07303735594460001,0.050110487058829034,95.06010507756667,4165.76323840879
209,600,"""17""",1000.0,572.7697916666666,-14.817234475192894,-29.6178956,-22.257023200000003,3.7338286418924695e-07,0.0005870644423407581,0.07303735594460001,0.0005866910594765688,0.33603891590909024,14.72603634749384
210,600,"""17""",25000.0,18656.992,-370.4308618798223,-838.1033900000001,-654.08158,7.805517462429086e-204,6.487215611048715e-124,0.07303735594460001,6.487215611048715e-124,1.2103192975761098e-119,5.303911280621075e-118
211,600,"""19""",100.0,1053.2563415559773,-1.066662262178554,-1.57275316,-1.0169215200000004,0.3761103564731569,0.512432622311502,0.06962911001739999,0.1363222658383451,143.58229098951676,5998.504281515641
212,600,"""19""",1000.0,2173.9695,-10.66662262178554,-24.4665316,-18.9082152,1.0157228881057632e-06,0.000263394932447063,0.06962911001739999,0.00026237920955895724,0.5704043990152815,23.830050392066376
213,600,"""19""",2000.0,3325.0,-21.33324524357108,-49.9040632,-38.787430400000005,3.907072031758301e-13,2.6287161240467397e-08,0.06962911001739999,2.6286770533264222e-08,8.740351202310354e-05,0.0036514972527382913
214,600,"""19""",8000.0,9450.0,-85.33298097428433,-202.5292528,-158.0627216,1.2656273359255834e-51,2.593432661384481e-32,0.06962911001739999,2.593432661384481e-32,2.4507938650083343e-28,1.0238795739398056e-26
215,600,"""19""",25000.0,43715.50449999994,-266.66556554463847,-634.96729,-496.00938,1.118390304843041e-160,2.4960134623017467e-100,0.06962911001739999,2.4960134623017467e-100,1.0911448774331243e-95,4.558526802942806e-94
216,600,"""20""",100.0,2141.3691808365247,-1.19470851760425,3.54904604,4.1519008799999995,0.991369240559902,0.9952583132956278,0.07190455231380001,0.003889072735725696,8.327940498314597,359.2900999363654
217,600,"""20""",1000.0,3436.0,-11.9470851760425,-21.2815396,-15.2529912,8.832010841014e-05,0.035369132738642915,0.07190455231380001,0.03528081263023278,121.22487219747983,5229.972098794445
218,600,"""20""",2000.0,10545.0,-23.894170352085,-48.8710792,-36.8139824,1.4212363687467325e-11,2.4490398774807203e-06,0.07190455231380001,2.449025665117033e-06,0.02582497563865911,1.114159987087545
219,600,"""20""",8000.0,37696.0,-95.57668140834,-214.4083168,-166.1799296,2.466473614359583e-52,2.174697753889659e-31,0.07190455231380001,2.174697753889659e-31,8.197740653062459e-27,3.536729229858568e-25
220,600,"""22""",100.0,2847.532216826156,-5.547445765400153,-14.926229659999999,-11.39770452,8.449075913516074e-05,0.0028708883375021923,0.057043613370599995,0.0027863975783670317,7.934356873286506,271.56263149447085
221,600,"""22""",1000.0,2059.5750000000007,-55.474457654001526,-160.26029659999998,-124.9750452,3.1051913246368632e-46,6.550558654784795e-31,0.057043613370599995,6.5505586547847915e-31,1.3491366841428392e-27,4.617577883660244e-26
222,600,"""22""",2000.0,10869.97800000002,-110.94891530800305,-321.7425932,-251.17209039999997,2.8409845466589467e-92,1.2642961708256358e-61,0.057043613370599995,1.2642961708256358e-61,1.3742871562358928e-57,4.703658312030097e-56
223,600,"""22""",8000.0,26061.961500000118,-443.7956612320122,-1290.6363728,-1008.3543616,0.0,6.535393167041667e-246,0.057043613370599995,6.535393167041667e-246,1.7032516510680378e-241,5.829577719381674e-240
224,600,"""24""",100.0,2505.284024474932,-0.9374993578847415,-0.9064958599999999,-0.45320092,0.5077502536749086,0.6187623732497172,0.07504077081010001,0.11101211957480861,278.11688969386887,12522.063466761287
225,600,"""24""",2000.0,1700.0,-18.74998715769483,-40.321917199999994,-31.256018399999995,4.279862518394336e-10,3.7042307465246115e-06,0.07504077081010001,3.703802760272772e-06,0.006296464692463712,0.2834949383406337
226,600,"""24""",8000.0,24880.0,-74.99994863077931,-164.79166879999997,-128.52807359999997,1.0091399743293647e-39,5.662793165560813e-24,0.07504077081010001,5.6627931655608124e-24,1.4089029395915302e-19,6.343509755013852e-18
227,600,"""25""",100.0,377.5750000000001,-0.6261864526733776,2.16324714,2.4837450800000003,0.942102157384793,0.9573005571851478,0.0708901024174,0.015198399800354867,5.738535804618991,244.0832345492143
228,600,"""26""",100.0,4483.26230539994,-2.2922620118511094,-3.1689306599999996,-1.9763265199999993,0.29386859218730954,0.5783333822601765,0.0697389048669,0.28446479007286696,1275.3302705471913,53364.08184694105
229,600,"""26""",1000.0,600.0,-22.922620118511094,-52.290306599999994,-40.3642652,1.7610667395007863e-13,2.6618879744076294e-08,0.0697389048669,2.6618703637402344e-08,1.5971222182441407e-05,0.0006682893266336425
230,600,"""27""",100.0,6535.430558206777,-3.2015728797803162,-3.175592560000001,-1.6100683200000008,0.5064947146339299,0.830827678799322,0.0742011736516,0.32433296416539203,2119.6555650402865,94368.55839788077
231,600,"""27""",1000.0,1800.0,-32.015728797803156,-67.65692560000001,-52.00168320000001,3.3206637435677603e-16,2.0903080190618046e-09,0.0742011736516,2.09030768699543e-09,3.762553836591774e-06,0.00016751154636146404
232,600,"""27""",8000.0,11700.0,-256.12583038242525,-569.1784048000001,-443.9364656000001,1.1040643449386332e-136,2.721933321908895e-82,0.0742011736516,2.721933321908895e-82,3.1846619866334075e-78,1.4178339425510095e-76
233,600,"""31""",100.0,2385.461878288378,-2.436342102221303,-3.1096275600000003,-1.6638383200000004,0.3377615626447783,0.6840622630705913,0.06114211543650001,0.34630070042581296,826.0871192903408,30305.228404953457
234,600,"""31""",1000.0,1056.0,-24.36342102221303,-62.65927560000001,-48.2013832,2.3351870689919634e-17,4.4391985131948966e-11,0.06114211543650001,4.4391961780078275e-11,4.687791163976266e-08,1.7197288109402497e-06
235,600,"""31""",2000.0,2400.0,-48.72684204442606,-128.8255512,-99.9097664,1.6352065051498948e-35,5.909331923321356e-23,0.06114211543650001,5.909331923319721e-23,1.418239661596733e-19,5.202850386358209e-18
236,600,"""31""",8000.0,21984.0,-194.90736817770423,-525.8232048000001,-410.1600656,1.927871932339006e-144,3.2880718171178606e-94,0.06114211543650001,3.2880718171178606e-94,7.228497082751904e-90,2.6517936183961225e-88
237,600,"""32""",100.0,1381.6312390637893,-0.3617866542890801,1.27608634,1.4694474800000001,0.8372453075717973,0.8619086817076589,0.0678876105774,0.024663374135861615,34.0756881668243,1387.9902290557711
238,600,"""33""",100.0,850.0,-3.40140496315065,-1.6188334600000003,-0.47934812000000004,0.8560141041040039,0.9489260768593765,0.10830706262499999,0.09291197275537255,78.97517684206667,5132.141654432498
239,600,"""33""",2000.0,4410.0,-68.02809926301299,-100.70066920000001,-77.9109624,6.463729401324378e-15,5.103932328119848e-05,0.10830706262499999,5.103932327473475e-05,0.22508341564158024,14.62687415624492
240,600,"""37""",100.0,115.48461538461538,-41.99951162998273,-48.59464533333334,-37.22199733333334,0.0013651379762161504,0.9916533579190502,0.133421585088,0.990288219942834,114.3630542000136,9155.099980122402
241,600,"""41""",100.0,1001.7846199633699,-0.40056801215591953,1.99691884,2.23926248,0.9166354625578568,0.933381425109827,0.0599724536106,0.01674596255197025,16.77584773104634,603.6532498971995
242,600,"""41""",1000.0,963.446,-4.0056801215591955,-7.9848116000000005,-5.5613752000000005,0.01835853621358343,0.1742652433598864,0.0599724536106,0.15590670714630298,150.207693373277,5404.99435367045
243,600,"""41""",2000.0,1890.0,-8.011360243118391,-19.075623200000003,-14.228750400000001,1.5661914528262792e-05,0.001990473728138434,0.0599724536106,0.0019748118136101714,3.732394327723224,134.3045074055086
244,800,"""02""",100.0,21786.612919558487,-1.3827632803656942,-2.972451520000001,-1.8699605200000002,0.1694277639539277,0.38055404827920175,0.0458573198678,0.21112628432527406,4599.726633739394,168744.90843826107
245,800,"""02""",1000.0,40710.321999999614,-13.827632803656941,-47.94051520000001,-36.9156052,1.5309584827396956e-15,9.397687294429198e-11,0.0458573198678,9.397534198580923e-11,3.825766432302377e-06,0.0001403515160204657
246,800,"""02""",2000.0,68883.34999999938,-27.655265607313883,-97.90503040000002,-75.8552104,3.0968116744872262e-31,1.1668900818109623e-21,0.0458573198678,1.166890081501281e-21,8.037929789558055e-17,2.948783339477457e-15
247,800,"""02""",8000.0,70756.73399999947,-110.62106242925553,-397.69212160000006,-309.4928416,2.1214025571836242e-125,4.276452966023446e-87,0.0458573198678,4.276452966023446e-87,3.0258784498042976e-82,1.1100694076300679e-80
248,800,"""02""",25000.0,177725.11200000203,-345.6908200914235,-1247.0888800000002,-971.4661300000001,0.0,1.6952587529745872e-272,0.0458573198678,1.6952587529745872e-272,3.012900517413923e-267,1.105308342055283e-265
249,800,"""02""",50000.0,98200.63200000043,-691.381640182847,-2496.2017600000004,-1944.9562600000004,0.0,0.0,0.0458573198678,0.0,0.0,0.0
250,800,"""02""",100000.0,548060.7465000078,-1382.763280365694,-4994.42752,-3891.9365200000007,0.0,0.0,0.0458573198678,0.0,0.0,0.0
251,800,"""03""",100.0,2886.426501997969,-0.168047487967248,2.94800768,3.04663868,0.9575501683519814,0.9613832186415225,0.062295183855,0.0038330502895411733,11.06381793922263,551.3780581296968
252,800,"""03""",2000.0,4895.632499999999,-3.36094975934496,-5.544846400000001,-3.5722264000000004,0.101205925449469,0.4473764444218363,0.062295183855,0.3461705189723673,1694.7236432229874,84458.49675039314
253,800,"""03""",8000.0,11275.934999999992,-13.44379903737984,-32.3643856,-24.473905600000002,6.065877825887875e-09,1.620610120796988e-05,0.062295183855,1.620003533014399e-05,0.18267054538040703,9.103596167492462
254,800,"""04""",100.0,1402.7935,-2.710242641131206,-5.75336192,-3.86580092,0.04551546515850082,0.23947530563265132,0.05249803665490001,0.1939598404741505,272.08560347817524,11427.167987734267
255,800,"""04""",1000.0,570.0,-27.10242641131206,-82.7426192,-63.8670092,6.8512734229909045e-25,1.0798030886802563e-16,0.05249803665490001,1.0798030818289829e-16,6.154877566425202e-14,2.5849519047088958e-12
256,800,"""05""",100.0,2429.6515303162228,-0.48323715205731554,4.024802879999999,4.418273879999999,0.9891000795923505,0.9926195367085567,0.0449038388397,0.0035194571162062704,8.551054368272885,307.18013380995063
257,800,"""05""",1000.0,600.0,-4.832371520573155,-12.023971200000002,-8.089261200000001,0.0007523173764214129,0.03708010406239455,0.0449038388397,0.03632778668597314,21.796672011583883,783.0033977999699
258,800,"""05""",8000.0,7300.0,-38.65897216458524,-136.84776960000002,-105.3700896,2.2758681029421053e-43,1.0659327755428115e-29,0.0449038388397,1.0659327755427888e-29,7.781309261462358e-26,2.795285256308566e-24
259,800,"""06""",100.0,2617.87453271246,-0.22857279938632094,1.4881660799999996,1.65582708,0.8477083063690102,0.8681156887511503,0.0498457779541,0.020407382382140127,53.42396661752958,2130.3673419557044
260,800,"""07""",100.0,6433.497198657981,-0.45980891359092146,1.8101812800000001,2.1044947800000005,0.9063609554880537,0.9285285920750179,0.0571219580589,0.02216763658696419,142.61542788310229,6517.177992072518
261,800,"""07""",1000.0,3729.9157894736854,-4.598089135909215,-10.1941872,-7.2510522,0.0036985903768047695,0.06580661732589475,0.0571219580589,0.062108026949089984,231.6577103704679,10586.193612642137
262,800,"""07""",2000.0,4671.281000000003,-9.19617827181843,-23.532374400000002,-17.6461044,5.941127491011116e-07,0.0002138704668027329,0.0571219580589,0.0002132763540536318,0.9962737804400038,45.52728728118052
263,800,"""07""",8000.0,11252.0,-36.78471308727372,-103.5614976,-80.0164176,9.98184833512021e-30,1.6776806165808432e-19,0.0571219580589,1.6776806164810247e-19,1.887726229664449e-15,8.626449481406246e-14
264,800,"""07""",25000.0,20546.81200000004,-114.95222839773035,-330.31068,-256.732305,2.958099907788273e-94,2.664986956838025e-62,0.0571219580589,2.664986956838025e-62,5.4756985984603126e-58,2.50226100547542e-56
265,800,"""11""",100.0,2796.5620153828386,-0.4948547875594387,1.3504780800000005,1.7316640800000005,0.8635781963586202,0.9026057661487954,0.0474653533187,0.03902756979017519,109.1430192279067,4144.409575937807
266,800,"""11""",1000.0,1013.2279003243132,-4.948547875594387,-14.1972192,-10.3853592,9.623017700398183e-05,0.004334473113502641,0.0474653533187,0.004238242936498659,4.294305991612887,163.06460092041283
267,800,"""11""",2000.0,4626.410000000002,-9.897095751188774,-31.472438399999998,-23.8487184,4.2652819247898836e-10,8.727440386191154e-07,0.0474653533187,8.723175104266365e-07,0.0040356984534128965,0.15324468238317943
268,800,"""11""",8000.0,12443.374999999998,-39.588383004755094,-135.1237536,-104.62887359999999,3.232330229812301e-42,5.665964305298862e-29,0.0474653533187,5.665964305298539e-29,7.0503718587444205e-25,2.6771871304281886e-23
269,800,"""11""",25000.0,66481.70649999997,-123.71369688985966,-428.80248,-333.50597999999997,3.1741321552993488e-133,7.733375521161524e-92,0.0474653533187,7.733375521161524e-92,5.141280016521447e-87,1.952261379956498e-85
270,800,"""11""",100000.0,120855.0,-494.85478755943865,-1724.44392,-1343.2579199999998,0.0,0.0,0.0474653533187,0.0,0.0,0.0
271,800,"""12""",100.0,430.6331372549017,-0.3213418049799825,1.2992324800000001,1.5198359799999999,0.8348743154994579,0.8630879424405913,0.0532587186721,0.028213626941133385,12.149722682999686,517.6629298543298
272,800,"""14""",100.0,196.0,-1.5652150307287611,-1.2870443199999997,-0.005250819999999656,0.5690976923660649,0.8263482173936133,0.044646953320500005,0.2572505250275484,50.421102905399486,1800.9189022283983
273,800,"""14""",1000.0,686.0,-15.652150307287611,-53.568443200000004,-40.750508200000006,3.413211674891362e-17,1.2586983484535134e-11,0.044646953320500005,1.2586949352418384e-11,8.634647255759012e-09,3.084085543734849e-07
274,800,"""15""",100.0,598.26695424667,-0.00992528842257168,0.89385008,0.91087358,0.7117247236799565,0.7152048526814939,0.021317200220300002,0.00348012900153738,2.0820461781352733,35.506716197776015
275,800,"""15""",8000.0,23775.0,-0.7940230738057344,-5.2009936,-3.8391136,0.01204520215618266,0.04542990335163195,0.021317200220300002,0.03338470119544929,793.7212709218069,13535.93220108091
276,800,"""15""",100000.0,5951091.0,-9.92528842257168,-76.17892,-59.15542000000001,1.6842765415307458e-29,4.1651007643219914e-22,0.021317200220300002,4.1651005958943373e-22,2.478689267032143e-15,4.227097231138628e-14
277,800,"""17""",100.0,12500.915805777413,-1.5109182880141023,-0.41311871999999994,0.5758822799999996,0.7498475839178386,0.8896136289412522,0.055857324619000004,0.1397660450234136,1747.2035613441888,78075.29320118019
278,800,"""17""",1000.0,569.31668,-15.109182880141026,-40.7521872,-30.8621772,7.30103994379502e-12,1.4406597768630366e-07,0.055857324619000004,1.4405867664635988e-07,8.201500751349915e-05,0.0036649111186489967
279,800,"""19""",100.0,2940.101833578731,-1.277551108131031,-2.41352192,-1.6667109199999999,0.24306089263439623,0.4039195752422708,0.0625465645137,0.16085868260787456,472.94090768247116,23664.663194823614
280,800,"""19""",1000.0,4690.0,-12.775511081310308,-32.874219200000006,-25.406109200000003,1.8674198455658136e-09,3.270389754808729e-06,0.0625465645137,3.268522334963163e-06,0.015329369750977234,0.7670395312670871
281,800,"""19""",2000.0,18331.710500000027,-25.551022162620615,-66.7194384,-51.78321840000001,1.3206386383302037e-18,4.05043741319728e-12,0.0625465645137,4.050436092558642e-12,7.425142184753634e-08,3.7153370774567083e-06
282,800,"""19""",8000.0,20140.0,-102.20408865048246,-269.7907536,-210.04587360000002,1.6520993938336465e-73,1.4618670515825146e-47,0.0625465645137,1.4618670515825146e-47,2.9442002418871843e-43,1.4731968829635832e-41
283,800,"""19""",25000.0,36198.0,-319.38777703275764,-845.15948,-658.45673,4.573520819899004e-229,5.54912798656761e-148,0.0625465645137,5.54912798656761e-148,2.0086733485777436e-143,1.0050849374701411e-141
284,800,"""19""",50000.0,238102.5160000077,-638.7755540655153,-1691.28996,-1317.88446,0.0,1.1661369090654696e-295,0.0625465645137,1.1661369090654696e-295,2.776601320489605e-290,1.3893349889666213e-288
285,800,"""19""",100000.0,86220.0,-1277.5511081310306,-3383.55092,-2636.73992,0.0,0.0,0.0625465645137,0.0,0.0,0.0
286,800,"""20""",100.0,5913.720040456118,-1.3654178294543968,2.63714848,3.4471394799999997,0.9820590619817691,0.991938466762275,0.06163412851430001,0.009879404780505974,58.42403403825615,2880.731537790174
287,800,"""20""",1000.0,4384.0,-13.654178294543966,-30.4005152,-22.3006052,5.3352929016191037e-08,0.00017572282825923912,0.06163412851430001,0.00017566947533022292,0.7701349798476973,37.97327865703266
288,800,"""20""",2000.0,11560.0,-27.308356589087932,-67.1090304,-50.9092104,5.185456410523357e-18,5.6270324764087543e-11,0.06163412851430001,5.6270319578631133e-11,6.50484894328976e-07,3.2073655658946375e-05
289,800,"""20""",50000.0,60160.0,-682.7089147271984,-1829.11776,-1424.12226,0.0,0.0,0.06163412851430001,0.0,0.0,0.0
290,800,"""22""",100.0,5106.135309433559,-6.161975017716493,-20.263589919999998,-15.52269142,7.51183665772971e-07,8.603103652236267e-05,0.047522049161199995,8.52798528565897e-05,0.435450467854331,16.554798832512844
291,800,"""22""",1000.0,852.6015000000003,-61.61975017716493,-213.63389919999997,-166.22491419999997,9.574010692207881e-67,3.7200989034890884e-46,0.047522049161199995,3.7200989034890884e-46,3.1717619052631534e-43,1.2058290015162954e-41
292,800,"""22""",2000.0,15422.333000000031,-123.23950035432986,-428.4897984,-333.6718284,2.7007224803701216e-133,4.0775670928340425e-92,0.047522049161199995,4.0775670928340425e-92,6.288559753552865e-88,2.3907619660918637e-86
293,800,"""22""",8000.0,40003.29149999982,-492.95800141731945,-1717.6251935999999,-1338.3533135999999,0.0,0.0,0.047522049161199995,0.0,0.0,0.0
294,800,"""23""",100.0,986.3814078369417,-2.2907660919472246,-2.6441827200000003,-1.3802317199999998,0.41255414360631953,0.7131094993337299,0.0662653340492,0.3005553557274104,296.46221491533584,15716.134163464361
295,800,"""24""",100.0,7794.751091378252,-1.008466543164856,-1.59216432,-0.9831208199999997,0.3580821798392686,0.5063360915997415,0.060540926854099994,0.14825391176047287,1155.6023404960408,55968.98941471805
296,800,"""24""",1000.0,7526.414444444445,-10.08466543164856,-26.4336432,-20.3432082,7.938329766108399e-08,3.5055507489017615e-05,0.060540926854099994,3.497612419135653e-05,0.2632448063245086,12.749667651531036
297,800,"""24""",2000.0,22380.0,-20.16933086329712,-54.0352864,-41.8544164,1.9597577295065913e-15,3.821967692913107e-10,0.060540926854099994,3.821948095335812e-10,8.553519837361548e-06,0.00041427041505503906
298,800,"""24""",8000.0,12600.0,-80.67732345318848,-219.64514559999998,-170.92166559999998,4.4365121938791156e-61,6.417711390715126e-40,0.060540926854099994,6.417711390715126e-40,8.086316352301059e-36,3.9164246944301686e-34
299,800,"""24""",25000.0,34910.0,-252.116635791214,-688.87308,-536.6122049999999,2.0849053532228568e-190,2.7870461920537095e-124,0.060540926854099994,2.7870461920537095e-124,9.7295782564595e-120,4.71230148436445e-118
300,800,"""24""",100000.0,78800.0,-1008.466543164856,-2758.9963199999997,-2149.9528199999995,0.0,0.0,0.060540926854099994,0.0,0.0,0.0
301,800,"""25""",100.0,77.47947727272728,-0.8846155447272014,1.67845168,2.10907018,0.9284464924969146,0.9522880523989931,0.075110000741,0.02384155990207848,1.8472315985794556,110.99645339048121
302,800,"""26""",100.0,19128.668488326723,-2.5644664920372096,-4.97290192,-3.37052842,0.08253171052493488,0.3087303092462443,0.0585152625871,0.2261985987213094,4326.878007463973,202550.72223128192
303,800,"""26""",1000.0,1191.75,-25.644664920372094,-70.3300192,-54.30628419999999,3.9210033600742276e-20,3.567934758205707e-13,0.0585152625871,3.567934366105371e-13,4.252085780806076e-10,1.990495328053933e-08
304,800,"""26""",2000.0,4430.0,-51.28932984074419,-142.9490384,-110.90156839999999,1.558455334467609e-40,1.2904278868267086e-26,0.0585152625871,1.2904278868266929e-26,5.71659553864225e-23,2.6760647123831648e-21
305,800,"""27""",100.0,9853.71170063024,-3.4504224967975867,-5.54365472,-3.4402287200000012,0.10975635557441984,0.5025484221315674,0.059976472925199996,0.3927920665571475,3870.459782148896,185709.221065703
306,800,"""27""",1000.0,1450.9111087662336,-34.50422496797586,-91.3375472,-70.3032872,2.0777905484681396e-25,2.8357295923818337e-16,0.059976472925199996,2.835729590304043e-16,4.1143915640292565e-13,1.9741335539493758e-11
307,800,"""27""",2000.0,3500.0,-69.00844993595172,-186.6640944,-144.5955744,7.994712387895937e-52,1.4891174138474781e-33,0.059976472925199996,1.4891174138474781e-33,5.2119109484661734e-30,2.500736287113879e-28
308,800,"""27""",8000.0,15100.0,-276.03379974380687,-758.6233776,-590.3492976,2.5942349924451304e-210,3.1225809392888557e-137,0.059976472925199996,3.1225809392888557e-137,4.7150972183261724e-133,2.262359205237004e-131
309,800,"""31""",100.0,1954.646988152268,-3.0985127778680646,-5.296574720000001,-3.3540237200000003,0.09992466240680693,0.4364675364813917,0.05831989659,0.3365428740745848,657.8225151939952,30691.312848550002
310,800,"""31""",1000.0,815.8371345029241,-30.985127778680646,-84.5287472,-65.1032372,5.575727547011909e-24,1.5229770023837066e-15,0.05831989659,1.5229769968079792e-15,1.2425011889896906e-12,5.7970032683864644e-11
311,800,"""31""",2000.0,7459.0,-61.97025555736129,-172.5644944,-133.7134744,9.32249889061042e-49,6.95530121223909e-32,0.05831989659,6.95530121223909e-32,5.187959174209137e-28,2.420489940424149e-26
312,800,"""31""",8000.0,14168.0,-247.88102222944516,-700.7789776000001,-545.3748976,2.0366533565980185e-197,6.31032208398416e-130,0.05831989659,6.31032208398416e-130,8.940464328588758e-126,4.1712556408790416e-124
313,800,"""31""",25000.0,88893.67299999879,-774.6281944670161,-2197.38668,-1711.74893,0.0,0.0,0.05831989659,0.0,0.0,0.0
314,800,"""31""",100000.0,81399.75499999916,-3098.5127778680644,-8800.067720000001,-6857.5167200000005,0.0,0.0,0.05831989659,0.0,0.0,0.0
315,800,"""32""",100.0,1048.2556862068966,-0.4418210189771451,0.98360208,1.24340058,0.8061871797064799,0.8435947195269518,0.0621792697277,0.03740753982047185,39.21266632382053,1950.571964872908
316,800,"""32""",1000.0,1169.0942272727273,-4.418210189771451,-9.6129792,-7.0149942,0.005514914179472036,0.06934568298931416,0.0621792697277,0.06383076880984213,74.62418333796649,3712.061779184604
317,800,"""33""",100.0,500.0,-3.8167665375790696,-3.3424555200000006,-1.81145202,0.616403607560779,0.8813539399715281,0.0911497109773,0.26495033241074906,132.47516620537453,9660.058489031735
318,800,"""33""",2000.0,4000.0,-76.3353307515814,-135.1731104,-104.5530404,2.799477435056457e-26,5.561659642109269e-13,0.0911497109773,5.561659642108989e-13,2.2246638568435957e-09,1.622219740583514e-07
319,800,"""36""",100.0,90.0,-1.5135087849754751,2.04896528,2.44857878,0.972414022074915,0.98133177211459,0.138477966712,0.008917750039674988,0.8025975035707489,88.91365630608357
320,800,"""37""",100.0,234.28,-47.20603169088256,-65.82392177777778,-50.54372177777778,8.210187341009814e-09,0.03430058913650691,0.112380914268,0.03430058092631957,8.035940099418148,722.4690363003955
321,800,"""37""",8000.0,6600.0,-3757.538335270605,-5536.522097777778,-4314.106097777778,0.0,1.9305983820683927e-242,0.112380914268,1.9305983820683927e-242,1.2741949321651392e-238,1.1455615314589646e-236
322,800,"""40""",25000.0,24625.0,-1104.0570306215632,-1968.12768,-1532.580555,0.0,7.845091200731803e-187,0.09268132623330001,7.845091200731803e-187,1.9318537081802064e-182,1.4323741101028807e-180
323,800,"""41""",100.0,3325.5226233660132,-0.43160888167185185,1.63034208,1.9559530799999998,0.8871496383410876,0.9158739103160147,0.0484648852039,0.028724271974927107,95.52321629233845,3703.6173695323946
324,800,"""41""",2000.0,2375.0,-8.632177633437037,-26.4071584,-19.8949384,1.907321607763775e-08,1.2842204186120353e-05,0.0484648852039,1.2823130970042715e-05,0.03045493605385145,1.1807959837936206
325,1200,"""02""",100.0,22506.24734444437,-1.1660843380359185,-5.4329852800000005,-3.788483320000001,0.013831195702507985,0.06771069839844042,0.0257809866381,0.05387950269593243,1212.6254144703128,37515.215528975525
326,1200,"""02""",1000.0,84371.64900000024,-11.660843380359184,-72.5458528,-56.100833200000004,3.613902058415703e-27,5.0113835779795696e-20,0.0257809866381,5.0113832165893636e-20,4.2281866575456995e-15,1.3080818846589405e-13
327,1200,"""02""",2000.0,126501.62800000262,-23.321686760718368,-147.1157056,-114.22566640000001,1.725602357695809e-54,3.318205353100639e-40,0.0257809866381,3.3182053531006217e-40,4.197583792055522e-35,1.2986142198634624e-33
328,1200,"""02""",8000.0,179738.2470000055,-93.28674704287347,-594.5348224,-462.97466560000004,2.0451577289172535e-218,2.79625609888676e-161,0.0257809866381,2.79625609888676e-161,5.025941693769802e-156,1.554884827811387e-154
329,1200,"""02""",25000.0,42728.1615,-291.5210845089796,-1862.2223200000003,-1451.0968300000002,0.0,0.0,0.0257809866381,0.0,0.0,0.0
330,1200,"""02""",50000.0,42847.50599999957,-583.0421690179592,-3726.4686400000005,-2904.2176600000003,0.0,0.0,0.0257809866381,0.0,0.0,0.0
331,1200,"""03""",100.0,4745.1304152009225,-0.13180946194378368,2.72788352,2.87500388,0.9458175680111128,0.9528809834605756,0.0325745012712,0.007063415449462762,33.51682748444585,1310.152727398407
332,1200,"""03""",1000.0,4734.194999999997,-1.318094619437837,-3.2761648000000005,-1.8049612000000006,0.12367605009507884,0.3806319985013608,0.0325745012712,0.256955948406282,1216.4795661652774,47551.45820932758
333,1200,"""03""",8000.0,22039.327499999985,-10.544756955502695,-49.9743184,-38.2046896,7.515520102519119e-18,9.715024108724487e-13,0.0325745012712,9.714948953523461e-13,2.141109416324857e-08,8.369468568462282e-07
334,1200,"""03""",25000.0,21526.78499999998,-32.95236548594592,-163.38412,-126.60403000000001,2.260522059997084e-57,2.1261743790816706e-41,0.0325745012712,2.1261743790816703e-41,4.576969873099958e-37,1.789110131394464e-35
335,1200,"""04""",100.0,1684.1420295698929,-2.6713967515009633,-9.96601088,-7.15047972,0.0006787259739000078,0.011216572341483287,0.034497055098,0.01053784636758328,17.747229968797427,734.672604084578
336,1200,"""04""",1000.0,1283.8410000000003,-26.71396751500964,-124.8691088,-96.7137972,2.3537686247428345e-43,3.976126872330354e-31,0.034497055098,3.976126872328e-31,5.104714699896453e-28,2.1131714911427818e-26
337,1200,"""04""",2000.0,4148.8690000000015,-53.42793503001928,-252.53921760000003,-196.22859440000002,3.3656480180546086e-87,9.604209468262719e-63,0.034497055098,9.604209468262719e-63,3.984660693238169e-59,1.649508713777664e-57
338,1200,"""05""",100.0,1668.2615984848487,-0.5986788739240579,3.1466563199999995,3.73356708,0.9769176745854612,0.987032361948255,0.037087352185800004,0.010114687362793862,16.873944508028988,750.9719072795002
339,1200,"""05""",1000.0,700.0,-5.986788739240581,-20.805436800000003,-14.9363292,3.667268927042219e-07,0.0001297799480415031,0.037087352185800004,0.0001294132211487989,0.09058925480415922,4.031658716605234
340,1200,"""06""",100.0,3904.534994495322,-0.2614244657956781,1.1139811199999998,1.3640682799999997,0.7982521034823589,0.8355512542098859,0.0380065808612,0.037299150727526986,145.63583928058475,6642.144362287526
341,1200,"""07""",100.0,12255.551288012812,-0.4920953322061483,1.1533339200000001,1.5923389800000003,0.8382723435143918,0.8893810454175787,0.0407552617278,0.05110870190318684,626.3653174382642,30633.218939295588
342,1200,"""07""",1000.0,8628.409323156284,-4.920953322061484,-16.7626608,-12.372610199999999,7.197947256097916e-06,0.000580142271648759,0.0407552617278,0.0005729443243926611,4.943598150239115,241.77316378807572
343,1200,"""07""",2000.0,7101.972000000007,-9.841906644122968,-36.669321599999996,-27.8892204,2.23358107358877e-12,1.4526173141644047e-08,0.0407552617278,1.4523939560570458e-08,0.0001031486120888638,0.005044618419049152
344,1200,"""07""",8000.0,13656.784,-39.36762657649187,-156.10928639999997,-120.98888159999998,1.9940742731945152e-51,3.567297564062986e-36,0.0407552617278,3.567297564062984e-36,4.8717812296134337e-32,2.3826086291217456e-30
345,1200,"""11""",100.0,7436.924366876086,-0.5315124782206772,0.4997491200000006,1.0683352800000003,0.737160409847416,0.8319971061700075,0.0339876507968,0.09483669632259151,705.2933377555086,28765.51640753249
346,1200,"""11""",1000.0,1338.0746504308802,-5.315124782206771,-22.7045088,-17.018647199999997,2.804700327389545e-08,8.264587952712325e-06,0.0339876507968,8.23654094943843e-06,0.011021106651679458,0.4494978291258853
347,1200,"""11""",2000.0,3315.7845,-10.630249564413543,-48.487017599999994,-37.11529439999999,3.622551259098537e-17,3.1455107586066774e-12,0.0339876507968,3.1454745330940864e-12,1.042971570197811e-08,4.2537784222648054e-07
348,1200,"""12""",100.0,199.7307692307692,-0.21838658878135436,0.8068907200000002,1.13594818,0.7359992797530684,0.7948374063310842,0.024130048261,0.05883812657801579,11.75178428152446,340.2853462392557
349,1200,"""13""",100.0,489.22083333333336,-2.0184530583817826,-4.14774448,-2.2357906200000004,0.10628227817886907,0.4458784806743037,0.0383835565542,0.33959620249543465,166.13753718165196,7652.339465024932
350,1200,"""13""",2000.0,4690.0,-40.36906116763566,-168.8728896,-130.6338124,1.5541624377855266e-56,6.2880593103970914e-40,0.0383835565542,6.2880593103970914e-40,2.9490998165762358e-36,1.3583632751224175e-34
351,1200,"""16""",2000.0,3000.0,-19.236839034544953,-129.71832160000002,-100.21397040000001,1.0435223840705777e-48,6.79326705249003e-36,0.023705635862199998,6.793267052488986e-36,2.037980115746696e-32,5.7973937421954455e-31
352,1200,"""17""",100.0,7633.815073491781,-2.9127452986639395,-2.62036608,-1.1451485200000002,0.5725785050209211,0.8541585523784694,0.07178776022969999,0.28158004735754827,2149.5300099125816,185171.93394977885
353,1200,"""17""",1000.0,1715.6792884803924,-29.127452986639394,-62.824660800000004,-48.0724852,2.3200032384249714e-15,5.919391270420085e-09,0.07178776022969999,5.919388950416846e-09,1.0155773022689871e-05,0.0008748722384401392
354,1200,"""18""",100.0,599.8931029526028,-3.4280408874085273,-12.39660528,-9.14870082,0.00012733467067854224,0.003266840005840292,0.038374852093000004,0.0031395053351617494,1.8833675972464332,86.72874357729681
355,1200,"""19""",100.0,3815.042848595827,-1.4497608053590583,-4.08025088,-2.9662897200000002,0.0672017234228329,0.1799732231843574,0.0473184241135,0.11277149976152451,430.22810369063006,24429.259051176105
356,1200,"""19""",2000.0,13623.666499999996,-28.995216107181168,-100.05401760000001,-77.7747944,1.378969374384757e-31,6.53579343620293e-22,0.0473184241135,6.53579343482396e-22,8.904147006893109e-18,5.055962453293437e-16
357,1200,"""19""",8000.0,7020.0,-115.98086442872467,-403.12907040000005,-314.01217760000003,1.9638967808588324e-125,9.910451617559464e-87,0.0473184241135,9.910451617559464e-87,6.957137035526744e-83,3.9504091303535105e-81
358,1200,"""19""",25000.0,56275.0,-362.4402013397646,-1261.8417200000001,-983.35143,0.0,2.196239211250827e-270,0.0473184241135,2.196239211250827e-270,1.2359336161314029e-265,7.01789172290849e-264
359,1200,"""19""",50000.0,100890.0,-724.8804026795292,-2524.6544400000002,-1967.67386,0.0,0.0,0.0473184241135,0.0,0.0,0.0
360,1200,"""20""",100.0,11647.991417728635,-1.5456552075085799,0.8294147199999999,2.03761668,0.9149063991948745,0.9729664756220469,0.04651328926249999,0.05806007642717237,676.2832719363724,37747.391341159724
361,1200,"""20""",1000.0,2750.0,-15.4565520750858,-48.4778528,-36.3958332,4.5606979453117276e-15,8.057229832631079e-10,0.04651328926249999,8.057184225651626e-10,2.2157256620541973e-06,0.00012367282637456542
362,1200,"""20""",2000.0,10386.686500000003,-30.9131041501716,-103.26370560000001,-79.09966639999999,3.78907348436859e-32,1.1826109966251272e-21,0.04651328926249999,1.1826109965872364e-21,1.2283409673004199e-17,6.856101447002818e-16
363,1200,"""20""",8000.0,7800.0,-123.6524166006864,-431.9788224,-335.3226656,1.246072571051227e-134,1.1824393567524413e-92,0.04651328926249999,1.1824393567524413e-92,9.223026982669041e-89,5.147919863048731e-87
364,1200,"""20""",100000.0,77140.0,-1545.6552075085797,-5472.27728,-4264.07532,0.0,0.0,0.04651328926249999,0.0,0.0,0.0
365,1200,"""22""",100.0,4423.199993827043,-6.321329540765557,-30.844302879999994,-23.772665219999997,2.23773162123059e-11,2.6362172725959037e-08,0.032500676307700004,2.6339795409746733e-08,0.00011650618289379731,0.004543835685692403
366,1200,"""22""",1000.0,800.0,-63.21329540765557,-319.44102879999997,-248.72465219999995,5.268770443952314e-112,2.712947657230034e-81,0.032500676307700004,2.712947657230034e-81,2.170358125784027e-78,8.464572830147174e-77
367,1200,"""22""",2000.0,2297.5504999999994,-126.42659081531114,-640.1040575999999,-498.67130439999994,8.179197543430374e-224,2.1685776251309857e-162,0.032500676307700004,2.1685776251309857e-162,4.982416606908508e-159,1.9431829124549087e-157
368,1200,"""23""",100.0,2066.009654385628,-2.513558953357826,-5.465062080000001,-3.5797225200000002,0.04966551766050967,0.2561333520880222,0.048473397693499995,0.20646783442751251,426.5645392473342,24812.439063456743
369,1200,"""24""",100.0,27393.611061716983,-1.187975606841274,-2.951424479999999,-2.0429606199999997,0.14635891877537183,0.2983881839104389,0.0475448886931,0.1520292651350671,4164.630559108678,237608.27565684594
370,1200,"""24""",1000.0,4704.025631132075,-11.879756068412737,-40.0262448,-30.941606199999995,5.972212592996212e-13,5.266761724156427e-09,0.0475448886931,5.2661645028971274e-09,2.4772172799385992e-05,0.0014133482381196558
371,1200,"""24""",2000.0,8050.0,-23.759512136825474,-81.2204896,-63.05121239999999,1.109212009281504e-25,8.62643573176647e-18,0.0475448886931,8.62643562084527e-18,6.944280674780442e-14,3.961980620832978e-12
372,1200,"""24""",8000.0,6500.0,-95.0380485473019,-328.3859584,-255.70884959999995,4.552923857821516e-102,1.6655500960513936e-70,0.0475448886931,1.6655500960513936e-70,1.0826075624334058e-66,6.176694726504551e-65
373,1200,"""24""",25000.0,26760.0,-296.9939017103185,-1028.68812,-801.572155,0.0,7.318952151385087e-220,0.0475448886931,7.318952151385087e-220,1.9585515957106494e-215,1.1174294114130747e-213
374,1200,"""26""",100.0,78036.013926474,-2.6701948258423185,-8.54907088,-6.1589322200000005,0.002790121668075268,0.029634390362074756,0.0406184943023,0.026844268693999487,2094.819725650954,102106.10770883871
375,1200,"""26""",1000.0,7026.943142857143,-26.70194825842318,-106.09170879999999,-82.1903222,3.322500669847731e-35,7.974535346998972e-25,0.0406184943023,7.974535346666722e-25,5.603660647173164e-21,2.731347096830711e-19
376,1200,"""26""",8000.0,5300.0,-213.61558606738544,-864.7566704,-673.5455776,1.6331276577622099e-283,1.7986332414861324e-200,0.0406184943023,1.7986332414861324e-200,9.532756179876502e-197,4.6464744309303465e-195
377,1200,"""27""",100.0,15597.566551568772,-3.7400601552809296,-10.23807008,-7.10054952,0.0015041681989268008,0.03355335077280933,0.0433407052518,0.032049182573882534,499.889258119511,25998.663593638437
378,1200,"""27""",1000.0,700.0,-37.4006015528093,-138.2817008,-106.90649520000001,1.5413287121845216e-44,6.515892779352268e-31,0.0433407052518,6.515892779352114e-31,4.561124945546479e-28,2.3721884625787473e-26
379,1200,"""27""",50000.0,72400.0,-1870.030077640465,-7109.546040000001,-5540.785760000001,0.0,0.0,0.0433407052518,0.0,0.0,0.0
380,1200,"""30""",100.0,176.57299222797923,-23.29414147678867,-51.24922133333333,-38.71868533333333,7.232077594622272e-13,2.0008089911181344e-07,0.0671747373398,2.00080175904054e-07,3.532875534487924e-05,0.0028478398330011824
381,1200,"""31""",100.0,3654.3843643790838,-3.7447340956258457,-9.631950080000001,-6.73439452,0.002767013130595365,0.04789517253732298,0.0469886729259,0.04512815940672761,164.91564012915225,9299.000489272996
382,1200,"""31""",1000.0,3409.2604999999994,-37.44734095625845,-127.8825008,-98.9069452,5.302847158422176e-40,2.0343844002234755e-27,0.0469886729259,2.0343844002229453e-27,6.935746377496277e-24,3.9108182163500197e-22
383,1200,"""31""",2000.0,16967.288500000028,-74.8946819125169,-259.2720016,-201.3208904,8.432327616846782e-81,1.2410671659375085e-55,0.0469886729259,1.2410671659375085e-55,2.1057544652339114e-51,1.1873592939495565e-49
384,1200,"""31""",8000.0,34014.096000000005,-299.5787276500676,-1047.6090064,-815.8045616,0.0,6.396890249274967e-225,0.0469886729259,6.396890249274967e-225,2.1758443904030267e-220,1.226880484779625e-218
385,1200,"""32""",100.0,3255.729351577981,-0.46842752693805806,0.4037851200000002,0.7913067800000002,0.7052058951301338,0.7789803668080448,0.0439491412349,0.07377447167791107,240.18971283893353,12667.357935274036
386,1200,"""32""",1000.0,786.5251510297485,-4.684275269380581,-15.411148799999998,-11.5359322,2.194666255695103e-05,0.0010565841509974838,0.0439491412349,0.0010346374884405327,0.8137684068567297,42.917307174535175
387,1200,"""32""",2000.0,4940.340499999998,-9.368550538761163,-32.98329759999999,-25.232864399999997,5.5493952709922695e-11,1.2888903582931006e-07,0.0439491412349,1.2883354187660014e-07,0.0006364815646914135,0.03356738181603969
388,1200,"""33""",100.0,3734.592365985484,-4.030588324399337,-6.759341280000001,-4.475659820000001,0.06129787907078986,0.39053319906872097,0.0641707157477,0.3292353199979311,1229.5597126770615,94682.07218042808
389,1200,"""33""",1000.0,3300.0,-40.305883243993364,-99.9574128,-77.1205982,1.240708840480366e-26,1.0270047251882353e-16,0.0641707157477,1.0270047250641643e-16,3.3891155927117425e-13,2.6097836800320365e-11
390,1200,"""33""",2000.0,35200.0,-80.61176648798673,-203.5108256,-157.8371964,4.222958334877162e-54,2.8934896058505686e-34,0.0641707157477,2.8934896058505686e-34,1.0185083412594001e-29,7.843009110434207e-28
391,1200,"""33""",8000.0,5700.0,-322.4470659519469,-824.8313024,-642.1367856,6.565961251282198e-219,1.4471676163972448e-139,0.0641707157477,1.4471676163972448e-139,8.248855413464295e-136,6.352019471775524e-134
392,1200,"""34""",100.0,83.50382835820895,-4.471538755619662,-1.5783764800000002,-0.0023736200000001872,0.9475073868668653,0.9886728964327879,0.10315824971899999,0.041165509565922576,3.437477645071007,425.52501277645797
393,1200,"""37""",100.0,839.29,-49.56241305700465,-99.97948266666668,-77.18717066666669,1.2709980223250964e-22,1.0062831630395492e-12,0.0784882482405,1.0062831629124493e-12,8.445633958007896e-10,7.954596175734244e-08
394,1200,"""40""",100.0,93.9,-6.843078045373204,-6.026746080000001,-3.4280560200000014,0.6934571639034237,0.9681707264984843,0.0957416647831,0.27471356259506063,25.795603527676196,2963.6568309894315
395,1200,"""40""",2000.0,2700.0,-136.86156090746408,-229.9179216,-177.9441204,3.8559912988365213e-41,1.4390341816229177e-18,0.0957416647831,1.4390341816229177e-18,3.8853922903818775e-15,4.463927114598994e-13
396,1200,"""41""",100.0,1777.3433214285715,-0.5241259152661751,0.9036451199999997,1.38933428,0.8065537796486235,0.871407383966588,0.039235680565499996,0.0648536043179645,115.26712050510537,5427.100703811971
397,1200,"""41""",1000.0,3690.7543448946885,-5.241259152661752,-18.9175488,-14.0606572,1.1493766607012499e-06,0.00014781547188031887,0.039235680565499996,0.0001466660952196176,0.5413085281805418,25.486330198887227
398,1200,"""41""",2000.0,4494.219999999998,-10.482518305323504,-40.9410976,-31.227314399999997,5.915712858476931e-14,9.786998628269633e-10,0.039235680565499996,9.786407056983784e-10,4.398226632363765e-06,0.00020708089824251935
399,1200,"""43""",100.0,379.20268181818176,-5.992917304984572,-9.088246080000001,-5.671493519999999,0.04330035015373229,0.5796712002168236,0.0637718070558,0.5363708500630913,203.39326479302207,15564.907246595812
