,dist_bin,commodty,use_rate_bin,sum_wt,percent,avg_wt,shipments,pred_tons
0,50,"""02""",100.0,5019.383335447022,0.0003324369981288286,100.38766670894043,1080.0,108452.653896328
1,50,"""02""",8000.0,10862.74800000001,0.0007194468115331406,100.5810000000001,2334.0,234708.88164434454
2,50,"""02""",25000.0,31280.0,0.002071694590057379,10426.666666666666,65.0,675859.719643233
3,50,"""02""",50000.0,133955.0,0.008871926112887988,44651.666666666664,65.0,2894334.678542496
4,50,"""02""",100000.0,139650.0,0.009249109638795173,139650.0,22.0,3017385.2253253674
5,50,"""03""",100.0,1505.6908521303258,9.972287700311002e-05,100.37939014202172,324.0,32533.113720913767
6,50,"""04""",100.0,259.5,1.7186852497438935e-05,86.5,65.0,5606.956433741016
7,50,"""04""",1000.0,2148.2877123506782,0.00014228248182748221,97.64944147048537,475.0,46417.555338309845
8,50,"""05""",100.0,272.5,1.8047850888447438e-05,90.83333333333333,65.0,5887.844424641336
9,50,"""06""",100.0,1337.4062194749695,8.857727716097782e-05,95.52901567678353,302.0,28897.0266158398
10,50,"""06""",1000.0,1035.3466666666666,6.857167801046272e-05,94.12242424242423,238.0,22370.495775795687
11,50,"""07""",100.0,1159.4604097345482,7.679181132457723e-05,89.18926228727294,281.0,25052.19269375383
12,50,"""07""",1000.0,601.3544426477597,3.98280928881181e-05,85.90777752110853,151.0,12993.326247254716
13,50,"""07""",2000.0,1695.8977862466127,0.00011232040502101641,89.25777822350592,411.0,36642.870919316345
14,50,"""11""",100.0,3754.4508700029173,0.00024865970447638313,98.8013386842873,821.0,81121.5509083908
15,50,"""11""",1000.0,1104.5562921649703,7.315547617941198e-05,110.45562921649703,216.0,23865.892134040467
16,50,"""11""",8000.0,6480.0,0.00042917458259500695,6480.0,22.0,140011.86007954445
17,50,"""12""",100.0,1958.4195010546728,0.00012970738764059582,67.53170693291975,627.0,42315.116845481185
18,50,"""12""",100000.0,275292.0,0.01823276685057788,275292.0,22.0,5948170.522379314
19,50,"""13""",100.0,173.46601731601731,1.1488766292595676e-05,86.73300865800866,43.0,3748.0400841058718
20,50,"""14""",100.0,296.3310128596893,1.9626194252162466e-05,98.7770042865631,65.0,6402.755603355015
21,50,"""15""",100.0,534.5505357973776,3.540362701802112e-05,106.91010715947553,108.0,11549.909694985794
22,50,"""15""",100000.0,1487872.0,0.09854272292512317,495957.3333333333,65.0,32148105.907449372
23,50,"""16""",100.0,278.8054201163419,1.8465462932663053e-05,92.93514003878063,65.0,6024.0841775845465
24,50,"""17""",100.0,1421.8107961996664,9.416744675741764e-05,78.98948867775924,389.0,30720.73676806996
25,50,"""18""",100.0,3512.527017699757,0.0002326369315856447,85.67139067560383,886.0,75894.35822959844
26,50,"""19""",100.0,6904.2163217014695,0.00045727070339689235,77.57546428878055,1923.0,149177.80394953288
27,50,"""19""",1000.0,8777.189652134448,0.0005813189360049407,82.02980983303222,2312.0,189646.7051645484
28,50,"""19""",2000.0,1892.7839183847968,0.00012536030063508286,67.59942565659989,605.0,40896.94400334939
29,50,"""19""",8000.0,5678.328,0.00037607932858604024,75.71104000000001,1621.0,122690.31873792585
30,50,"""19""",50000.0,40500.0,0.0026823411412187936,40500.0,22.0,875074.1254971528
31,50,"""20""",100.0,8903.877269377957,0.0005897095386670455,92.74872155602039,2074.0,192384.01518604672
32,50,"""20""",1000.0,3012.8573660872885,0.00019954348804148212,91.29870806325117,713.0,65098.11172534541
33,50,"""22""",100.0,892.8325657894737,5.913287712190223e-05,99.20361842105264,194.0,19291.22658576797
34,50,"""22""",2000.0,6531.244392458124,0.0004325685317838264,155.50581886805057,907.0,141119.08580588826
35,50,"""22""",8000.0,6111.0,0.00040473547441945796,3055.5,43.0,132038.9624916815
36,50,"""23""",100.0,1103.2313743203856,7.306772601538076e-05,78.80224102288469,302.0,23837.264940850204
37,50,"""24""",100.0,4651.193945801137,0.00030805157720025097,91.19988129021836,1102.0,100497.27097875508
38,50,"""24""",1000.0,1230.6389325396826,8.150601083300667e-05,94.66453327228328,281.0,26590.130560368205
39,50,"""24""",2000.0,2025.3858865479672,0.0001341426145760867,96.44694697847463,454.0,43762.04403617871
40,50,"""24""",25000.0,16680.0,0.0011047271663093697,8340.0,43.0,360400.89909364213
41,50,"""25""",100.0,98.49,6.523056271571332e-06,98.49,22.0,2128.0506325978904
42,50,"""26""",100.0,3690.5186680828765,0.00024442543347739964,72.36311113887993,1102.0,79740.1826198405
43,50,"""26""",1000.0,2194.1210653409094,0.00014531805437972172,87.76484261363638,540.0,47407.86598735993
44,50,"""26""",2000.0,5032.857351958126,0.0003333293909393273,91.50649730832956,1188.0,108743.78385226354
45,50,"""26""",8000.0,11220.938970426609,0.0007431700307032233,90.491443309892,2679.0,242448.2310321725
46,50,"""27""",100.0,5028.971442263354,0.00033307202463203476,71.84244917519078,1512.0,108659.82190095703
47,50,"""27""",1000.0,4404.905612896777,0.00029173974194218787,71.04686472414156,1340.0,95175.77597785546
48,50,"""27""",25000.0,31850.0,0.0021094460579708287,31850.0,22.0,688175.5777057855
49,50,"""28""",100.0,25.4,1.6822583947396876e-06,25.4,22.0,548.8119206821649
50,50,"""31""",100.0,3340.3216117344164,0.00022123165639648134,90.27896247930855,799.0,72173.55588315394
51,50,"""32""",100.0,2580.6312147393032,0.00017091687105206578,88.98728326687252,627.0,55759.1013202136
52,50,"""32""",1000.0,1449.775,9.601953402495004e-05,90.6109375,346.0,31324.95284673172
53,50,"""32""",2000.0,3901.149866984367,0.00025837567373512073,84.80760580400798,994.0,84291.2421798686
54,50,"""33""",100.0,670.8981502110472,4.443401752786859e-05,60.99074092827702,238.0,14495.94103934789
55,50,"""34""",100.0,300.4041891891892,1.989596334954657e-05,60.08083783783784,108.0,6490.763781491629
56,50,"""35""",100.0,22.25,1.4736318615337816e-06,22.25,22.0,480.75059981016415
57,50,"""36""",100.0,283.6362048515985,1.8785408923768007e-05,47.27270080859975,130.0,6128.46182518133
58,50,"""37""",100.0,1191.51,7.891447637465691e-05,59.5755,432.0,25744.680772126234
59,50,"""37""",1000.0,1684.72,0.00011158009302306484,80.2247619047619,454.0,36401.35507919909
60,50,"""41""",100.0,4186.486466956715,0.0002772737009252768,80.50935513378298,1124.0,90456.44404883486
61,50,"""41""",1000.0,3159.1417163555134,0.00020923199498076408,90.26119189587182,756.0,68258.84382126851
62,50,"""41""",2000.0,8414.109823922476,0.0005572719246281599,123.73690917533052,1469.0,181801.7233581719
63,50,"""43""",100.0,1032.0800000000002,6.835532456861957e-05,79.39076923076924,281.0,22299.913665261767
64,200,"""02""",100.0,2891.780449110843,0.00019152448567955985,99.71656721071874,627.0,62482.0308058132
65,200,"""02""",1000.0,5574.512780740743,0.00036920357960570064,101.35477783164988,1188.0,120447.20732541746
66,200,"""02""",2000.0,9354.033000000009,0.0006195236432646488,100.58100000000009,2009.0,202110.42586040776
67,200,"""02""",8000.0,26726.0,0.001770080230622555,8908.666666666666,65.0,577462.4957539977
68,200,"""02""",25000.0,72536.21100000002,0.004804120073911784,171.4804042553192,9140.0,1567273.1211778263
69,200,"""03""",100.0,1589.2902857918552,0.00010525972145478685,99.33064286199095,346.0,34339.42733334389
70,200,"""03""",1000.0,2905.0005,0.00019240005818299175,64.55556666666666,972.0,62767.67338534053
71,200,"""03""",25000.0,41515.94250000028,0.0027496276687462855,102.5085000000007,8751.0,897025.3599352549
72,200,"""04""",100.0,193.36638959176787,1.2806780793356553e-05,96.68319479588394,43.0,4178.022821544641
73,200,"""04""",1000.0,760.0,5.0335290551266245e-05,760.0,22.0,16421.14408340336
74,200,"""04""",2000.0,2850.0,0.00018875733956724843,1425.0,43.0,61579.290312762605
75,200,"""05""",100.0,495.4717857142857,3.2815416176162234e-05,123.86794642857143,86.0,10705.544187467684
76,200,"""06""",100.0,2255.0549443902833,0.0001493537445196769,90.20219777561132,540.0,48724.45020766315
77,200,"""06""",1000.0,559.6696969696969,3.706728527593267e-05,93.27828282828283,130.0,12092.653596123802
78,200,"""06""",8000.0,6984.0,0.00046255482790795194,6984.0,22.0,150901.67141906457
79,200,"""07""",100.0,1397.269253127865,9.254204451913405e-05,127.02447755707864,238.0,30190.473327529045
80,200,"""07""",8000.0,7790.0,0.0005159367281504791,7790.0,22.0,168316.72685488444
81,200,"""11""",100.0,2493.118760900876,0.00016512086474836644,103.87994837086984,519.0,53868.23998656492
82,200,"""11""",1000.0,1415.1685874968928,9.372752898773836e-05,235.86143124948214,130.0,30577.22010209591
83,200,"""12""",100.0,1402.2324552032478,9.287076059614593e-05,93.48216368021652,324.0,30297.712085943393
84,200,"""13""",8000.0,9400.0,0.0006225680673446088,9400.0,22.0,203103.6241894626
85,200,"""13""",25000.0,35800.0,0.002371057107546489,35800.0,22.0,773522.3134024214
86,200,"""14""",100.0,102.35,6.7787065630553945e-06,102.35,22.0,2211.4527591267547
87,200,"""15""",100.0,648.2247270690473,4.2932342078336525e-05,108.03745451150787,130.0,14006.041633717952
88,200,"""16""",100.0,972.4141392046838,6.440361609608845e-05,88.40128538224398,238.0,21010.727221866797
89,200,"""17""",100.0,744.838443137255,4.9331130854034916e-05,93.10480539215688,173.0,16093.551833703561
90,200,"""18""",100.0,3207.604408083679,0.00021244171033475576,86.69201102928862,799.0,69305.96598381821
91,200,"""19""",100.0,6116.640075124909,0.00040510902023543595,81.55520100166545,1621.0,132160.8262894017
92,200,"""19""",1000.0,4795.615777179437,0.0003176167283112677,141.04752285821874,735.0,103617.76006013936
93,200,"""19""",2000.0,6718.661693341381,0.00044498130059210644,216.73102236585098,670.0,145168.56804473896
94,200,"""19""",8000.0,16245.0,0.001075916835533316,16245.0,22.0,351001.95478274685
95,200,"""19""",25000.0,35150.0,0.002328007187996064,11716.666666666666,65.0,759477.9138574054
96,200,"""19""",50000.0,69660.0,0.004613626762896325,69660.0,22.0,1505127.4958551028
97,200,"""19""",100000.0,138150.0,0.009149763670601885,138150.0,22.0,2984975.0725291767
98,200,"""20""",100.0,5453.5258764008895,0.0003611905388387996,92.43264197289643,1275.0,117833.07128808895
99,200,"""20""",1000.0,1150.0,7.616524228152129e-05,1150.0,22.0,24847.783810412977
100,200,"""20""",8000.0,7600.0,0.0005033529055126625,3800.0,43.0,164211.4408340336
101,200,"""20""",25000.0,16826.0,0.00111439684054685,16826.0,22.0,363555.4872991381
102,200,"""21""",100.0,77.43458333333331,5.128542435262593e-06,77.43458333333331,22.0,1673.1111183618034
103,200,"""22""",100.0,1100.6693401534726,7.289804083880993e-05,137.58366751918408,173.0,23781.907661637735
104,200,"""22""",1000.0,1926.4010000000003,0.000127586781649013,275.2001428571429,151.0,41623.3005044899
105,200,"""22""",2000.0,3593.645999999998,0.00023800949414262584,97.12556756756751,799.0,77647.07730361332
106,200,"""23""",100.0,1267.4572070388763,8.394450891789244e-05,97.49670823375972,281.0,27385.654495175513
107,200,"""24""",100.0,3651.418895035519,0.0002418358302710479,98.68699716312214,799.0,78895.36287399968
108,200,"""24""",1000.0,3661.1273022528962,0.0002424788243474646,126.24576904320332,627.0,79105.13018154823
109,200,"""24""",2000.0,2600.0,0.0001721996782017003,2600.0,22.0,56177.598180064124
110,200,"""24""",50000.0,73400.0,0.004861329376924925,73400.0,22.0,1585936.8101602718
111,200,"""25""",100.0,532.950287356322,3.529764153087014e-05,88.82504789272032,130.0,11515.333497328142
112,200,"""25""",1000.0,857.6434366593554,5.680227838636206e-05,85.76434366593554,216.0,18530.903217853287
113,200,"""26""",100.0,4782.9556769747405,0.00031677824170309464,74.73368245273032,1383.0,103344.21620543984
114,200,"""26""",1000.0,2085.417652590465,0.00013811855718931667,86.89240219126937,519.0,45059.13650955373
115,200,"""26""",2000.0,2861.0452380952383,0.00018948887281557966,45.4134164777022,1361.0,61817.94221565392
116,200,"""26""",8000.0,5383.563747006561,0.0003565569018511038,91.24684316960273,1275.0,116321.41575234423
117,200,"""27""",100.0,7528.470268779106,0.0004986154452441655,76.04515423009198,2139.0,162665.91448847385
118,200,"""27""",1000.0,2289.8346879678775,0.00015165722938583054,84.80869214695842,583.0,49475.92807670459
119,200,"""31""",100.0,466.4458333333333,3.08930086148169e-05,93.28916666666666,108.0,10078.3871529866
120,200,"""31""",8000.0,5800.0,0.0003841377436807161,5800.0,22.0,125319.25747860459
121,200,"""32""",100.0,3347.8657432843966,0.0002217313090984882,85.84271136626658,843.0,72336.56018732021
122,200,"""32""",1000.0,1236.330746463184,8.188298334301085e-05,88.30933903308457,302.0,26713.112266333646
123,200,"""33""",100.0,200.0,1.3246129092438485e-05,100.0,43.0,4321.353706158779
124,200,"""33""",1000.0,3370.0,0.0002231972752075885,1123.3333333333333,65.0,72814.80994877542
125,200,"""37""",100.0,162.50000000000003,1.0762479887606273e-05,14.772727272727275,238.0,3511.0998862540087
126,200,"""41""",100.0,7444.8569387299085,0.0004930776804257639,81.81161471131767,1966.0,160859.30062001196
127,200,"""41""",1000.0,2539.165479859904,0.000168170568666439,87.55743033999669,627.0,54863.16078471515
128,200,"""41""",2000.0,8600.0,0.0005695835509748548,4300.0,43.0,185818.2093648275
129,200,"""41""",8000.0,7100.0,0.00047023758278156625,7100.0,22.0,153408.05656863665
130,200,"""43""",100.0,81.5,5.397797605168683e-06,81.5,22.0,1760.9516352597025
131,400,"""02""",100.0,3232.8368645980263,0.00021411287221629767,119.73469868881578,583.0,69851.15783118704
132,400,"""02""",1000.0,8736.603000000008,0.0005786308558369273,134.40927692307704,1404.0,188769.75876643969
133,400,"""02""",2000.0,22027.23899999992,0.001458878256719973,100.58099999999965,4732.0,475937.4544454743
134,400,"""02""",8000.0,97482.18599999945,0.006456308099845462,122.46505778894404,17199.0,2106275.028777785
135,400,"""02""",25000.0,112578.29900000259,0.007456133407805864,233.08136438923933,10436.0,2432453.2480835617
136,400,"""03""",100.0,198.0,1.31136678015141e-05,99.0,43.0,4278.140169097191
137,400,"""03""",2000.0,2772.4849999999988,0.0001836234710842465,89.43499999999996,670.0,59904.44165009809
138,400,"""03""",8000.0,10865.900999999993,0.0007196556367582817,102.50849999999993,2290.0,234777.00778552174
139,400,"""04""",1000.0,855.0,5.6627201870174526e-05,855.0,22.0,18473.787093828778
140,400,"""05""",100.0,207.07,1.3714379755856186e-05,103.535,43.0,4474.113559671491
141,400,"""05""",1000.0,1609.0993333333336,0.00010657168745945021,229.87133333333335,151.0,34767.43683838811
142,400,"""06""",100.0,1262.977702586207,8.364782844664139e-05,90.21269304187193,302.0,27288.866879334026
143,400,"""07""",100.0,1164.6733817307693,7.713706982466328e-05,83.19095583791209,302.0,25164.82817303369
144,400,"""11""",100.0,209.28,1.3860749482327631e-05,104.64,43.0,4521.8645181245465
145,400,"""11""",1000.0,630.9583686364455,4.1788780014563736e-05,105.15972810607424,130.0,13632.971423695004
146,400,"""12""",100.0,299.6393333333333,1.9845306452527695e-05,99.87977777777776,65.0,6474.237718054727
147,400,"""12""",25000.0,25519.979000000087,0.001690204681351602,97.40450000000033,5661.0,551404.279163723
148,400,"""14""",100.0,107.975,7.151253943780227e-06,107.975,22.0,2332.990832112471
149,400,"""15""",100.0,108.55,7.189336564920988e-06,108.55,22.0,2345.414724017677
150,400,"""17""",100.0,1658.7813232926524,0.00010986215772230206,82.93906616463262,432.0,35840.90409558833
151,400,"""18""",100.0,1540.5732375655714,0.00010203315990574731,85.58740208697618,389.0,33286.809348815055
152,400,"""18""",1000.0,726.2541666666666,4.810028222794001e-05,80.6949074074074,194.0,15692.005673691277
153,400,"""19""",100.0,4760.631367283937,0.00031529968826277485,91.55060321699878,1124.0,102861.86001334089
154,400,"""19""",1000.0,8331.538994117418,0.000551803205273822,157.19884894561167,1145.0,180017.63455117843
155,400,"""19""",2000.0,7039.175797417471,0.0004662091565848022,207.03458227698442,735.0,152093.84210236583
156,400,"""19""",8000.0,44270.0,0.0029320306746112587,8854.0,108.0,956531.6428582456
157,400,"""20""",100.0,5323.074290160548,0.0003525506460805349,110.89738104501141,1037.0,115014.43405971899
158,400,"""20""",1000.0,4506.606788872398,0.0002984754764713173,128.7601939677828,756.0,97373.20974647025
159,400,"""20""",2000.0,1840.0,0.00012186438765043408,1840.0,22.0,39756.45409666077
160,400,"""20""",8000.0,18430.0,0.0012206307958682065,9215.0,43.0,398212.7440225315
161,400,"""20""",50000.0,52345.0,0.0034668431367184628,52345.0,22.0,1131006.2987444063
162,400,"""21""",100.0,77.22039835164836,5.114356825677291e-06,77.22039835164836,22.0,1668.4832730397645
163,400,"""22""",100.0,4181.808182200928,0.00027696385510624506,97.25135307444019,929.0,90355.36143299543
164,400,"""22""",1000.0,1659.7500000000005,0.00010992631380587392,150.88636363636368,238.0,35861.834068985176
165,400,"""22""",2000.0,8172.95799999999,0.0005413002836753886,98.46937349397578,1793.0,176591.21171789998
166,400,"""22""",8000.0,8238.29999999999,0.0005456279265111792,98.07499999999989,1815.0,178003.0411872391
167,400,"""22""",25000.0,25695.650000000118,0.0017018394850705928,98.07500000000044,5661.0,555199.9617982967
168,400,"""23""",100.0,869.0919146825397,5.756051847539728e-05,72.42432622354498,259.0,18778.26783253011
169,400,"""24""",100.0,7022.708497743006,0.000465118516698343,103.2751249668089,1469.0,151738.03696997243
170,400,"""24""",1000.0,2147.17339118083,0.00014220867961715097,238.57482124231444,194.0,46393.47845872397
171,400,"""25""",100.0,722.520238095238,4.785298172854457e-05,90.31502976190475,173.0,15611.3275433379
172,400,"""26""",100.0,2036.2046306818186,0.000134859146983162,92.55475594008266,475.0,43995.802136472725
173,400,"""26""",1000.0,820.4104166666666,5.433631143973956e-05,82.04104166666666,216.0,17726.41797316884
174,400,"""26""",2000.0,4752.973385225885,0.0003147924951681322,95.0594677045177,1080.0,102696.39576759959
175,400,"""27""",100.0,3896.977722094175,0.00025809934988608156,76.41132788419951,1102.0,84201.0956109493
176,400,"""27""",1000.0,2416.0875635122484,0.00016001903882459205,142.12279785366167,367.0,52203.84473493894
177,400,"""27""",2000.0,2700.0,0.00017882274274791957,2700.0,22.0,58338.275033143516
178,400,"""31""",100.0,1495.9939666792195,9.908064602071031e-05,106.85671190565854,302.0,32323.59536150209
179,400,"""31""",8000.0,13800.0,0.0009139829073782556,13800.0,22.0,298173.4057249558
180,400,"""31""",25000.0,34463.025000000205,0.0022825083903296878,76.58450000000046,9723.0,744634.6040459677
181,400,"""31""",100000.0,89001.0,0.005894593676780588,89001.0,22.0,1923024.0060091873
182,400,"""32""",100.0,1740.8025871881985,0.0001152944789717289,82.89536129467612,454.0,37613.11855918256
183,400,"""33""",100.0,664.7799537125456,4.4028805424708305e-05,132.95599074250913,108.0,14363.746583778853
184,400,"""33""",1000.0,700.0,4.63614518235347e-05,700.0,22.0,15124.737971555725
185,400,"""33""",2000.0,2000.0,0.00013246129092438485,2000.0,22.0,43213.537061587784
186,400,"""37""",100.0,336.0,2.2253496875296657e-05,56.0,130.0,7259.874226346748
187,400,"""41""",100.0,3129.612396473677,0.00020727624906493052,84.5841188236129,799.0,67620.8106417099
188,400,"""41""",1000.0,1418.3433047040521,9.393779255752844e-05,94.55622031360348,324.0,30645.81548194173
189,400,"""41""",2000.0,2444.2215832685974,0.00016188237311250112,94.00852243340759,562.0,52811.729987655155
190,400,"""43""",100.0,0.2,1.3246129092438487e-08,0.2,22.0,4.321353706158779
191,600,"""02""",100.0,7296.4893994386,0.0004832512025328633,102.76745633012114,1534.0,157653.5575410612
192,600,"""02""",1000.0,11566.815000000011,0.00076607762339177,100.5810000000001,2485.0,249921.49434351502
193,600,"""02""",2000.0,43312.645999999564,0.0028686245012554184,117.37844444444326,7973.0,935846.3165782067
194,600,"""02""",8000.0,105577.6500000018,0.00699247590588156,161.1872519083997,14152.0,2281191.8455752106
195,600,"""02""",25000.0,107273.88100000247,0.007104818379864584,99.69691542751158,23249.0,2317841.916166982
196,600,"""02""",50000.0,44000.0,0.0029141484003364668,44000.0,22.0,950697.8153549313
197,600,"""03""",100.0,1403.0023452787257,9.292175091277977e-05,82.52954972227798,367.0,30314.346922598397
198,600,"""04""",100.0,1852.3899999999999,0.00012268498534771062,102.91055555555555,389.0,40024.16195875729
199,600,"""05""",100.0,478.22,3.167281927292967e-05,119.555,86.0,10332.788846796257
200,600,"""06""",100.0,1495.5328333333332,9.905010486156811e-05,93.47080208333333,346.0,32313.631760035696
201,600,"""07""",100.0,1409.9514704730232,9.338199595979568e-05,78.33063724850129,389.0,30464.495062163096
202,600,"""07""",1000.0,1930.0,0.0001278251457420314,643.3333333333334,65.0,41701.06326443222
203,600,"""11""",100.0,1585.293876570584,0.00010499503669253099,113.23527689789886,302.0,34253.07784434556
204,600,"""11""",8000.0,8294.863500000005,0.0005493741636257809,112.09275000000007,1599.0,179225.195639031
205,600,"""12""",100.0,200.7608695652174,1.3296521974855372e-05,100.3804347826087,43.0,4337.793638736557
206,600,"""13""",100.0,200.407,1.32730849651416e-05,100.2035,43.0,4330.147660950813
207,600,"""15""",100000.0,1158608.0,0.07673535567765985,1158608.0,22.0,25033774.873926055
208,600,"""17""",100.0,1897.0102000000002,0.00012564020999436277,94.85051000000001,432.0,40988.26029195503
209,600,"""17""",1000.0,572.7697916666666,3.7934913003328816e-05,95.46163194444443,130.0,12375.704309972707
210,600,"""17""",25000.0,18656.992000000002,0.0012356646225429606,75.84143089430896,5315.0,403117.3076248735
211,600,"""19""",100.0,1053.2563415559773,6.975784733839979e-05,75.23259582542696,302.0,22757.465975590796
212,600,"""19""",1000.0,2173.9695,0.00014398340320011976,197.6335909090909,238.0,46972.45577950574
213,600,"""19""",2000.0,3325.0,0.00022021689616178984,3325.0,22.0,71842.5053648897
214,600,"""19""",8000.0,9450.0,0.0006258795996177185,9450.0,22.0,204183.96261600233
215,600,"""19""",25000.0,43715.50449999994,0.0028953060797403734,185.23518855932176,5099.0,944550.7869383774
216,600,"""20""",100.0,2141.3691808365247,0.0001418242630196493,118.96495449091805,389.0,46268.06822931053
217,600,"""20""",1000.0,3436.0,0.00022756849780809318,859.0,86.0,74240.85667180782
218,600,"""20""",2000.0,10545.0,0.0006984021563988192,3515.0,65.0,227843.37415722164
219,600,"""20""",8000.0,37696.0,0.002496630411342806,9424.0,86.0,814488.7465368067
220,600,"""22""",100.0,2847.532216826156,0.000188593896694784,105.46415617874652,583.0,61525.96949294116
221,600,"""22""",1000.0,2059.5750000000007,0.00013640698162779502,98.07500000000003,454.0,44500.76029680985
222,600,"""22""",2000.0,10869.978000000021,0.0007199256590998329,97.92772972972992,2398.0,234865.0985808224
223,600,"""22""",8000.0,26061.96150000012,0.0017261005321558168,98.71955113636409,5704.0,563114.7695889646
224,600,"""24""",100.0,2505.284024474932,0.00016592657800709384,92.78829720277525,583.0,54131.09202072564
225,600,"""24""",2000.0,1700.0,0.00011259209728572713,1700.0,22.0,36731.50650234962
226,600,"""24""",8000.0,24880.0,0.0016478184590993476,8293.333333333334,65.0,537576.4010461521
227,600,"""25""",100.0,377.57500000000005,2.500703596038731e-05,94.39375000000001,86.0,8158.1756280145055
228,600,"""26""",100.0,4483.26230539994,0.0002969293562629549,93.4012980291654,1037.0,96868.8108956099
229,600,"""26""",1000.0,600.0,3.973838727731546e-05,600.0,22.0,12964.061118476337
230,600,"""27""",100.0,6535.430558206777,0.0004328457842433714,66.68806692047733,2117.0,141209.53532025096
231,600,"""27""",1000.0,1800.0,0.00011921516183194638,600.0,65.0,38892.18335542901
232,600,"""27""",8000.0,11700.0,0.0007748985519076514,11700.0,22.0,252799.19181028855
233,600,"""31""",100.0,2385.461878288378,0.0001579906799244932,99.39424492868243,519.0,51542.12264320982
234,600,"""31""",1000.0,1056.0,6.993956160807521e-05,1056.0,22.0,22816.747568518356
235,600,"""31""",2000.0,2400.0,0.00015895354910926184,2400.0,22.0,51856.244473905346
236,600,"""31""",8000.0,21984.0,0.0014560145098408384,7328.0,65.0,475003.199380973
237,600,"""32""",100.0,1381.6312390637895,9.150632875392347e-05,115.13593658864913,259.0,29852.586377365264
238,600,"""33""",100.0,850.0,5.6296048642863566e-05,425.0,43.0,18365.75325117481
239,600,"""33""",2000.0,4410.0,0.00029207714648826863,4410.0,22.0,95285.84922080109
240,600,"""37""",100.0,115.48461538461538,7.648620617876115e-06,19.247435897435896,130.0,2495.249353483144
241,600,"""41""",100.0,1001.78461996337,6.634884199427114e-05,77.06035538179769,281.0,21645.328401257862
242,600,"""41""",1000.0,963.446,6.380965044796744e-05,87.586,238.0,20816.954713919255
243,600,"""41""",2000.0,1890.0,0.0001251759199235437,1890.0,22.0,40836.79252320046
244,800,"""02""",100.0,21786.612919558487,0.0014429414360972992,102.76704207338909,4581.0,470738.302422904
245,800,"""02""",1000.0,40710.32199999961,0.0026962709030336667,111.23038797814101,7908.0,879618.5042680779
246,800,"""02""",2000.0,68883.34999999938,0.004562188732098072,100.55963503649545,14801.0,1488346.5990756482
247,800,"""02""",8000.0,70756.73399999947,0.004686264163616622,115.05159999999914,13288.0,1528824.373532943
248,800,"""02""",25000.0,177725.11200000206,0.011770848882600578,116.847542406313,32864.0,3840065.357093465
249,800,"""02""",50000.0,98200.63200000042,0.006503891242155256,100.40964417177958,21131.0,2121798.325201681
250,800,"""02""",100000.0,548060.7465000078,0.03629841699318654,102.94153765965586,115034.0,11841821.69043978
251,800,"""03""",100.0,2886.4265019979684,0.00019116989030650372,93.11053232251511,670.0,62366.349309819205
252,800,"""03""",2000.0,4895.632499999999,0.0003242409004206867,89.01149999999998,1188.0,105778.79823933181
253,800,"""03""",8000.0,11275.934999999992,0.0007468124532397263,102.50849999999993,2377.0,243636.51751327727
254,800,"""04""",100.0,1402.7935,9.290791895516803e-05,100.19953571428572,302.0,30309.834451002225
255,800,"""04""",1000.0,570.0,3.7751467913449684e-05,570.0,22.0,12315.85806255252
256,800,"""05""",100.0,2429.6515303162223,0.00016091738910104701,97.1860612126489,540.0,52496.91822603178
257,800,"""05""",1000.0,600.0,3.973838727731546e-05,600.0,22.0,12964.061118476337
258,800,"""05""",8000.0,7300.0,0.0004834837118740047,7300.0,22.0,157729.41027479543
259,800,"""06""",100.0,2617.87453271246,0.00017338352004058163,96.95831602638742,583.0,56563.80907097836
260,800,"""07""",100.0,6433.497198657981,0.0004260946720463249,97.47723028269668,1426.0,139007.08481491395
261,800,"""07""",1000.0,3729.9157894736854,0.00024703473025646525,196.3113573407203,411.0,80591.4271025113
262,800,"""07""",2000.0,4671.281000000003,0.0003093819557652759,194.63670833333344,519.0,100931.2873092955
263,800,"""07""",8000.0,11252.0,0.0007452272227405892,11252.0,22.0,243119.3595084929
264,800,"""07""",25000.0,20546.81200000004,0.0013608286209503238,92.9720000000002,4775.0,443950.2109297393
265,800,"""11""",100.0,2796.562015382839,0.00018521810735385515,107.56007751472458,562.0,60424.66814838748
266,800,"""11""",1000.0,1013.2279003243132,6.710673783878123e-05,101.32279003243131,216.0,21892.580711249742
267,800,"""11""",2000.0,4626.410000000002,0.00030641012047274177,115.66025000000005,864.0,99961.76999855021
268,800,"""11""",8000.0,12443.374999999998,0.0008241327579781087,114.15940366972475,2355.0,268861.1233668674
269,800,"""11""",25000.0,66481.70649999997,0.004403126332923032,114.22973625429549,12575.0,1436454.8438776752
270,800,"""11""",100000.0,120855.0,0.008004304657333266,120855.0,22.0,2611286.0107890964
271,800,"""12""",100.0,430.63313725490184,2.8521110637801055e-05,71.77218954248364,130.0,9304.59051835626
272,800,"""14""",100.0,196.0,1.2981206510589716e-05,196.0,22.0,4234.926632035603
273,800,"""14""",1000.0,686.0,4.543422278706401e-05,686.0,22.0,14822.243212124613
274,800,"""15""",100.0,598.26695424667,3.96236065384569e-05,99.71115904111167,130.0,12926.61560003086
275,800,"""15""",8000.0,23775.0,0.0015746335958636251,11887.5,43.0,513700.9218196249
276,800,"""15""",100000.0,5951091.0,0.39414459813424424,991848.5,130.0,128583845.74269077
277,800,"""17""",100.0,12500.915805777411,0.0008279437226851613,94.70390761952584,2852.0,270104.39423837536
278,800,"""17""",1000.0,569.31668,3.770621118879246e-05,94.88611333333334,130.0,12301.093725480057
279,800,"""19""",100.0,2940.101833578731,0.00019472484216249484,91.87818229933535,691.0,63526.09977509836
280,800,"""19""",1000.0,4690.0,0.0003106217272176825,938.0,108.0,101335.74440942338
281,800,"""19""",2000.0,18331.710500000027,0.001214121018841052,235.02192948717982,1685.0,396089.02554702456
282,800,"""19""",8000.0,20140.0,0.0013338851996085555,10070.0,43.0,435160.31821018906
283,800,"""19""",25000.0,36198.0,0.0023974169044404417,18099.0,43.0,782121.8072776775
284,800,"""19""",50000.0,238102.51600000774,0.015769683320852514,384.03631612904474,13396.0,5144625.949811817
285,800,"""19""",100000.0,86220.0,0.005710406251750231,86220.0,22.0,1862935.5827250495
286,800,"""20""",100.0,5913.720040456118,0.00039166949536211144,107.5221825537476,1188.0,127776.38007005246
287,800,"""20""",1000.0,4384.0,0.00029035514970625163,199.27272727272728,475.0,94724.07323900044
288,800,"""20""",2000.0,11560.0,0.0007656262615429445,2890.0,86.0,249774.2442159774
289,800,"""20""",50000.0,60160.0,0.003984435631005497,60160.0,22.0,1299863.1948125607
290,800,"""22""",100.0,5106.135309433559,0.00033818263736107627,98.19490979679921,1124.0,110327.08371784457
291,800,"""22""",1000.0,852.6015000000002,5.646834766703348e-05,94.73350000000002,194.0,18421.963259507676
292,800,"""22""",2000.0,15422.333000000031,0.0010214310691228727,205.63110666666708,1621.0,333226.7793358249
293,800,"""22""",8000.0,40003.29149999981,0.0026494438166572236,228.59023714285607,3781.0,864341.8599103709
294,800,"""23""",100.0,986.3814078369417,6.532867731294672e-05,82.19845065307847,259.0,21312.51476221141
295,800,"""24""",100.0,7794.751091378252,0.0005162513959991105,106.77741221066098,1577.0,168419.38258656298
296,800,"""24""",1000.0,7526.414444444444,0.000498479286671524,578.9549572649572,281.0,162621.49476793484
297,800,"""24""",2000.0,22380.0,0.0014822418454438666,2797.5,173.0,483559.4797191674
298,800,"""24""",8000.0,12600.0,0.0008345061328236247,6300.0,43.0,272245.2834880031
299,800,"""24""",25000.0,34910.0,0.0023121118330851377,17455.0,43.0,754292.2894100149
300,800,"""24""",100000.0,78800.0,0.005218974862420764,39400.0,43.0,1702613.360226559
301,800,"""25""",100.0,77.47947727272728,5.1315157898459965e-06,77.47947727272728,22.0,1674.0811313187246
302,800,"""26""",100.0,19128.668488326723,0.0012669040608141796,102.29234485736215,4040.0,413308.71232956665
303,800,"""26""",1000.0,1191.75,7.893037172956783e-05,99.3125,259.0,25749.866396573623
304,800,"""26""",2000.0,4430.0,0.0002934017593975125,2215.0,43.0,95717.98459141696
305,800,"""27""",100.0,9853.71170063024,0.0006526176861310986,74.64933106538061,2852.0,212906.86788469306
306,800,"""27""",1000.0,1450.9111087662336,9.609477924185293e-05,111.60854682817181,281.0,31349.500485869532
307,800,"""27""",2000.0,3500.0,0.0002318072591176735,3500.0,22.0,75623.68985777863
308,800,"""27""",8000.0,15100.0,0.0010000827464791058,5033.333333333333,65.0,326262.20481498784
309,800,"""31""",100.0,1954.6469881522676,0.00012945753167605507,93.07842800725084,454.0,42233.60503241948
310,800,"""31""",1000.0,815.837134502924,5.4033420010154155e-05,90.64857050032488,194.0,17627.604124030844
311,800,"""31""",2000.0,7459.0,0.0004940143845024933,2486.3333333333335,65.0,161164.88647119165
312,800,"""31""",8000.0,14168.0,0.0009383557849083424,14168.0,22.0,306124.6965442879
313,800,"""31""",25000.0,88893.67299999879,0.005887485340294987,203.88457110091466,9421.0,1920705.0163630566
314,800,"""31""",100000.0,81399.75499999916,0.00539115831411427,99.87699999999897,17610.0,1758785.664748315
315,800,"""32""",100.0,1048.2556862068966,6.942665070689621e-05,65.51598038793104,346.0,22649.417972960935
316,800,"""32""",1000.0,1169.0942272727273,7.742986527839582e-05,89.93032517482517,281.0,25260.348359369167
317,800,"""33""",100.0,500.0,3.311532273109621e-05,166.66666666666666,65.0,10803.384265396946
318,800,"""33""",2000.0,4000.0,0.0002649225818487697,2000.0,43.0,86427.07412317557
319,800,"""36""",100.0,90.0,5.960758091597319e-06,45.0,43.0,1944.6091677714505
320,800,"""37""",100.0,234.28,1.551651561888244e-05,78.09333333333333,65.0,5062.033731394394
321,800,"""37""",8000.0,6600.0,0.00043712226005047006,6600.0,22.0,142604.6723032397
322,800,"""40""",25000.0,24625.0,0.0016309296445064887,24625.0,22.0,532066.6750707997
323,800,"""41""",100.0,3325.5226233660132,0.0002202515098446545,77.33773542711658,929.0,71853.79756698792
324,800,"""41""",2000.0,2375.0,0.00015729778297270702,2375.0,22.0,51316.0752606355
325,1200,"""02""",100.0,22506.247344444375,0.0014906032885543053,100.47431850198382,4840.0,486287.2768682044
326,1200,"""02""",1000.0,84371.64900000024,0.005587988771979558,100.56215613826012,18128.0,1822998.690504393
327,1200,"""02""",2000.0,126501.62800000262,0.008378284474458328,100.55773290938205,27181.0,2733291.394964652
328,1200,"""02""",8000.0,179738.24700000553,0.011904180113053338,100.5810000000031,38611.0,3883562.6990597793
329,1200,"""02""",25000.0,42728.1615,0.0028299137155578004,99.83215303738318,9248.0,923217.4952768793
330,1200,"""02""",50000.0,42847.50599999957,0.0028378179788251345,100.580999999999,9204.0,925796.1442637934
331,1200,"""03""",100.0,4745.1304152009225,0.00031427305020103826,79.08550692001538,1296.0,102526.93452967626
332,1200,"""03""",1000.0,4734.194999999997,0.0003135487905938839,53.79767045454542,1901.0,102290.65554464173
333,1200,"""03""",8000.0,22039.327499999985,0.001459678885877647,102.50849999999993,4645.0,476198.64786686015
334,1200,"""03""",25000.0,21526.784999999985,0.001425732865275841,102.50849999999993,4537.0,465124.2607071657
335,1200,"""04""",100.0,1684.142029569893,0.00011154181366842079,99.06717820999371,367.0,36388.86700589813
336,1200,"""04""",1000.0,1283.8410000000003,8.502961810082661e-05,98.75700000000003,281.0,27739.65531734297
337,1200,"""04""",2000.0,4148.869000000001,0.00027478227180808087,230.49272222222226,389.0,89643.65214758634
338,1200,"""05""",100.0,1668.2615984848487,0.00011049004246744043,119.16154274891777,302.0,36045.74220727435
339,1200,"""05""",1000.0,700.0,4.63614518235347e-05,700.0,22.0,15124.737971555725
340,1200,"""06""",100.0,3904.5349944953214,0.0002585998729151431,95.2325608413493,886.0,84364.38384644502
341,1200,"""07""",100.0,12255.551288012812,0.0008116930723000923,72.9497100476953,3630.0,264802.8598973658
342,1200,"""07""",1000.0,8628.409323156284,0.0005714651187846396,88.04499309343147,2117.0,186432.04303438184
343,1200,"""07""",2000.0,7101.972000000007,0.00047036818961441817,93.44700000000009,1642.0,153450.66511617953
344,1200,"""07""",8000.0,13656.784,0.0009044976192577422,160.66804705882353,1837.0,295078.97076304955
345,1200,"""11""",100.0,7436.924366876087,0.00049255230107171,104.74541361797306,1534.0,160687.90337611255
346,1200,"""11""",1000.0,1338.07465043088,8.862154777463468e-05,111.50622086924,259.0,28911.469248782978
347,1200,"""11""",2000.0,3315.7845,0.000219606547648533,114.33739655172414,627.0,71643.38818949417
348,1200,"""12""",100.0,199.7307692307692,1.3228297764814048e-05,99.8653846153846,43.0,4315.536499246641
349,1200,"""13""",100.0,489.22083333333336,3.240141156521833e-05,97.84416666666667,108.0,10570.481306275431
350,1200,"""13""",2000.0,4690.0,0.0003106217272176825,4690.0,22.0,101335.74440942338
351,1200,"""16""",2000.0,3000.0,0.0001986919363865773,3000.0,22.0,64820.30559238169
352,1200,"""17""",100.0,7633.815073491781,0.0005055924996563746,97.86942401912539,1685.0,164942.0752998223
353,1200,"""17""",1000.0,1715.6792884803926,0.00011363054668217145,95.31551602668848,389.0,37070.285259273005
354,1200,"""18""",100.0,599.8931029526029,3.9731307416868345e-05,85.6990147075147,151.0,12961.751418716602
355,1200,"""19""",100.0,3815.0428485958273,0.00025267275032842294,65.77660083785909,1253.0,82430.74776467062
356,1200,"""19""",2000.0,13623.666499999994,0.0009023042258566477,126.14506018518513,2334.0,294363.40860623086
357,1200,"""19""",8000.0,7020.0,0.00046493913114459083,7020.0,22.0,151679.51508617314
358,1200,"""19""",25000.0,56275.0,0.003727129573384879,28137.5,43.0,1215920.8990704264
359,1200,"""19""",50000.0,100890.0,0.006682009820680595,50445.0,43.0,2179906.877071796
360,1200,"""20""",100.0,11647.991417728637,0.0007714539899342455,92.44437633117965,2722.0,251675.45441153648
361,1200,"""20""",1000.0,2750.0,0.00018213427502102917,1375.0,43.0,59418.613459683205
362,1200,"""20""",2000.0,10386.686500000003,0.0006879169511084406,546.667710526316,411.0,224422.73100742185
363,1200,"""20""",8000.0,7800.0,0.000516599034605101,7800.0,22.0,168532.79454019238
364,1200,"""20""",100000.0,77140.0,0.005109031990953524,77140.0,22.0,1666746.124465441
365,1200,"""22""",100.0,4423.199993827043,0.0002929513905995306,116.39999983755376,821.0,95571.0584320299
366,1200,"""22""",1000.0,800.0,5.298451636975394e-05,800.0,22.0,17285.414824635114
367,1200,"""22""",2000.0,2297.5504999999994,0.0001521682525969829,99.89349999999997,497.0,49642.64184130976
368,1200,"""23""",100.0,2066.009654385628,0.00013683315294108124,82.64038617542512,540.0,44639.79238469576
369,1200,"""24""",100.0,27393.611061716983,0.0018142965421577702,95.44812216626127,6201.0,591887.4134331141
370,1200,"""24""",1000.0,4704.025631132075,0.00031155065382057446,276.70739006659267,367.0,101638.7929747924
371,1200,"""24""",2000.0,8050.0,0.0005331566959706491,2683.3333333333335,65.0,173934.48667289087
372,1200,"""24""",8000.0,6500.0,0.0004304991955042508,6500.0,22.0,140443.99545016032
373,1200,"""24""",25000.0,26760.0,0.0017723320725682695,13380.0,43.0,578197.1258840447
374,1200,"""26""",100.0,78036.013926474,0.00516837557164701,101.08291959387823,16680.0,1686106.0899751324
375,1200,"""26""",1000.0,7026.943142857144,0.00046539897997755576,270.267043956044,562.0,151829.5339667637
376,1200,"""26""",8000.0,5300.0,0.0003510224209496199,5300.0,22.0,114515.87321320764
377,1200,"""27""",100.0,15597.566551568772,0.0010330369003499027,76.83530320969838,4386.0,337013.01012339955
378,1200,"""27""",1000.0,700.0,4.63614518235347e-05,700.0,22.0,15124.737971555725
379,1200,"""27""",50000.0,72400.0,0.004795098731462732,36200.0,43.0,1564330.0416294779
380,1200,"""30""",100.0,176.57299222797923,1.1694543246449752e-05,88.28649611398961,43.0,3815.171771859617
381,1200,"""31""",100.0,3654.384364379084,0.00024203223521977057,121.81281214596947,648.0,78959.43708369124
382,1200,"""31""",1000.0,3409.2604999999994,0.00022579752346375684,309.93277272727266,238.0,73663.10248467865
383,1200,"""31""",2000.0,16967.288500000028,0.0011237544690982366,403.9830595238102,907.0,366608.2752147017
384,1200,"""31""",8000.0,34014.096000000005,0.002252775532892978,130.32220689655173,5639.0,734934.6990562025
385,1200,"""32""",100.0,3255.729351577981,0.00021562905640521492,83.4802397840508,843.0,70345.79049845714
386,1200,"""32""",1000.0,786.5251510297485,5.2092068424948625e-05,87.39168344774983,194.0,16994.266881947482
387,1200,"""32""",2000.0,4940.340499999999,0.00032720194011801046,76.00523846153845,1404.0,106744.79364680656
388,1200,"""33""",100.0,3734.5923659854843,0.000247344462937395,51.15879953404773,1577.0,80692.47280871827
389,1200,"""33""",1000.0,3300.0,0.00021856113002523503,1100.0,65.0,71302.33615161985
390,1200,"""33""",2000.0,35200.0,0.0023313187202691735,2933.3333333333335,259.0,760558.2522839451
391,1200,"""33""",8000.0,5700.0,0.00037751467913449687,5700.0,22.0,123158.58062552521
392,1200,"""34""",100.0,83.50382835820895,5.530512450728307e-06,83.50382835820895,22.0,1804.2478907709637
393,1200,"""37""",100.0,839.29,5.558671842996348e-05,52.455625,346.0,18134.344760210006
394,1200,"""40""",100.0,93.9,6.21905760889987e-06,93.9,22.0,2028.875565041547
395,1200,"""40""",2000.0,2700.0,0.00017882274274791957,2700.0,22.0,58338.275033143516
396,1200,"""41""",100.0,1777.3433214285715,0.00011771459538613124,93.54438533834586,411.0,38402.645745859554
397,1200,"""41""",1000.0,3690.754344894689,0.00024444104250476644,92.26885862236722,864.0,79745.2748341614
398,1200,"""41""",2000.0,4494.219999999999,0.0002976550914490944,93.62958333333331,1037.0,97105.57126646453
399,1200,"""43""",100.0,379.20268181818176,2.511483837781256e-05,47.40033522727272,173.0,8193.34457230174
